T,U:0,U:1,U:2,mag(U),p,rho,vtkValidPointMask,arc_length,Points:0,Points:1,Points:2,Point ID
348.432,-3.36967e-12,0,0,3.36967e-12,100000,0.997574,1,0,-5,0,0,0
348.432,-4.33973e-12,0,0,4.33973e-12,100000,0.997574,1,0.0100002,-4.99,0,0,1
348.432,-3.48637e-12,0,0,3.48637e-12,100000,0.997574,1,0.02,-4.98,0,0,2
348.432,-1.97658e-12,0,0,1.97658e-12,100000,0.997574,1,0.0300002,-4.97,0,0,3
348.432,1.09404e-13,0,0,3.28215e-13,100000,0.997574,1,0.04,-4.96,0,0,4
348.432,1.18886e-12,0,0,1.18886e-12,100000,0.997574,1,0.0500002,-4.95,0,0,5
348.432,-3.71976e-13,0,0,3.71976e-13,100000,0.997574,1,0.0599999,-4.94,0,0,6
348.432,-3.01957e-12,0,0,3.01957e-12,100000,0.997574,1,0.0700002,-4.93,0,0,7
348.432,-5.31707e-12,0,0,5.31707e-12,100000,0.997574,1,0.0799999,-4.92,0,0,8
348.432,-5.54317e-12,0,0,5.54317e-12,100000,0.997574,1,0.0900002,-4.91,0,0,9
348.432,-6.02455e-12,0,0,6.02455e-12,100000,0.997574,1,0.0999999,-4.9,0,0,10
348.432,-4.79922e-12,0,0,4.79922e-12,100000,0.997574,1,0.11,-4.89,0,0,11
348.432,-4.25949e-12,0,0,4.25949e-12,100000,0.997574,1,0.12,-4.88,0,0,12
348.432,-3.37696e-12,0,0,3.37696e-12,100000,0.997574,1,0.13,-4.87,0,0,13
348.432,-3.50825e-12,0,0,3.50825e-12,100000,0.997574,1,0.14,-4.86,0,0,14
348.432,-3.4353e-12,0,0,3.4353e-12,100000,0.997574,1,0.15,-4.85,0,0,15
348.432,-3.13627e-12,0,0,3.13627e-12,100000,0.997574,1,0.16,-4.84,0,0,16
348.432,-2.58196e-12,0,0,2.58196e-12,100000,0.997574,1,0.17,-4.83,0,0,17
348.432,-1.05029e-12,0,0,1.05029e-12,100000,0.997574,1,0.18,-4.82,0,0,18
348.432,-1.10863e-12,0,0,1.10863e-12,100000,0.997574,1,0.19,-4.81,0,0,19
348.432,-1.87447e-12,0,0,1.87447e-12,100000,0.997574,1,0.2,-4.8,0,0,20
348.432,-3.85104e-12,0,0,3.85104e-12,100000,0.997574,1,0.21,-4.79,0,0,21
348.432,-6.54241e-12,0,0,6.54241e-12,100000,0.997574,1,0.22,-4.78,0,0,22
348.432,-7.70939e-12,0,0,7.70939e-12,100000,0.997574,1,0.23,-4.77,0,0,23
348.432,-7.81879e-12,0,0,7.81879e-12,100000,0.997574,1,0.24,-4.76,0,0,24
348.432,-7.36658e-12,0,0,7.36658e-12,100000,0.997574,1,0.25,-4.75,0,0,25
348.432,-6.79039e-12,0,0,6.79039e-12,100000,0.997574,1,0.26,-4.74,0,0,26
348.432,-5.5067e-12,0,0,5.5067e-12,100000,0.997574,1,0.27,-4.73,0,0,27
348.432,-4.79923e-12,0,0,4.79923e-12,100000,0.997574,1,0.28,-4.72,0,0,28
348.432,-4.3616e-12,0,0,4.3616e-12,100000,0.997574,1,0.29,-4.71,0,0,29
348.432,-4.74087e-12,0,0,4.74087e-12,100000,0.997574,1,0.3,-4.7,0,0,30
348.432,-4.78463e-12,0,0,4.78463e-12,100000,0.997574,1,0.31,-4.69,0,0,31
348.432,-5.73281e-12,0,0,5.73281e-12,100000,0.997574,1,0.32,-4.68,0,0,32
348.432,-7.2353e-12,0,0,7.2353e-12,100000,0.997574,1,0.33,-4.67,0,0,33
348.432,-8.92014e-12,0,0,8.92014e-12,100000,0.997574,1,0.34,-4.66,0,0,34
348.432,-9.19729e-12,0,0,9.19729e-12,100000,0.997574,1,0.35,-4.65,0,0,35
348.432,-7.62186e-12,0,0,7.62186e-12,100000,0.997574,1,0.36,-4.64,0,0,36
348.432,-5.27331e-12,0,0,5.27331e-12,100000,0.997574,1,0.37,-4.63,0,0,37
348.432,-1.89635e-12,0,0,1.89635e-12,100000,0.997574,1,0.38,-4.62,0,0,38
348.432,5.32437e-13,0,0,5.32437e-13,100000,0.997574,1,0.39,-4.61,0,0,39
348.432,5.61611e-13,0,0,5.61611e-13,100000,0.997574,1,0.4,-4.6,0,0,40
348.432,-9.11706e-13,0,0,9.11706e-13,100000,0.997574,1,0.41,-4.59,0,0,41
348.432,-2.37044e-12,0,0,2.37044e-12,100000,0.997574,1,0.42,-4.58,0,0,42
348.432,-5.12014e-12,0,0,5.12014e-12,100000,0.997574,1,0.43,-4.57,0,0,43
348.432,-7.65834e-12,0,0,7.65834e-12,100000,0.997574,1,0.44,-4.56,0,0,44
348.432,-9.64951e-12,0,0,9.64951e-12,100000,0.997574,1,0.45,-4.55,0,0,45
348.432,-1.02184e-11,0,0,1.02184e-11,100000,0.997574,1,0.46,-4.54,0,0,46
348.432,-1.10791e-11,0,0,1.10791e-11,100000,0.997574,1,0.47,-4.53,0,0,47
348.432,-7.76774e-12,0,0,7.76774e-12,100000,0.997574,1,0.48,-4.52,0,0,48
348.432,-4.2595e-12,0,0,4.2595e-12,100000,0.997574,1,0.49,-4.51,0,0,49
348.432,-2.74242e-12,0,0,2.74242e-12,100000,0.997574,1,0.5,-4.5,0,0,50
348.432,-2.54549e-12,0,0,2.54549e-12,100000,0.997574,1,0.51,-4.49,0,0,51
348.432,-5.21496e-12,0,0,5.21496e-12,100000,0.997574,1,0.52,-4.48,0,0,52
348.432,-7.16966e-12,0,0,7.16966e-12,100000,0.997574,1,0.53,-4.47,0,0,53
348.432,-6.95085e-12,0,0,6.95085e-12,100000,0.997574,1,0.54,-4.46,0,0,54
348.432,-5.09826e-12,0,0,5.09826e-12,100000,0.997574,1,0.55,-4.45,0,0,55
348.432,-3.98963e-12,0,0,3.98963e-12,100000,0.997574,1,0.56,-4.44,0,0,56
348.432,-2.3048e-12,0,0,2.3048e-12,100000,0.997574,1,0.57,-4.43,0,0,57
348.432,-9.26294e-13,0,0,9.26294e-13,100000,0.997574,1,0.58,-4.42,0,0,58
348.432,-9.48175e-13,0,0,9.48175e-13,100000,0.997574,1,0.59,-4.41,0,0,59
348.432,-1.0357e-12,0,0,1.0357e-12,100000,0.997574,1,0.6,-4.4,0,0,60
348.432,-9.99231e-13,0,0,9.99231e-13,100000,0.997574,1,0.61,-4.39,0,0,61
348.432,5.32437e-13,0,0,5.32437e-13,100000,0.997574,1,0.62,-4.38,0,0,62
348.432,-4.37619e-13,0,0,4.37619e-13,100000,0.997574,1,0.63,-4.37,0,0,63
348.432,-8.46064e-13,0,0,8.46064e-13,100000,0.997574,1,0.64,-4.36,0,0,64
348.432,-1.1524e-12,0,0,1.1524e-12,100000,0.997574,1,0.65,-4.35,0,0,65
348.432,-6.49135e-13,0,0,6.49135e-13,100000,0.997574,1,0.66,-4.34,0,0,66
348.432,9.6276e-13,0,0,9.6276e-13,100000,0.997574,1,0.67,-4.33,0,0,67
348.432,-3.28214e-13,0,0,3.28214e-13,100000,0.997574,1,0.68,-4.32,0,0,68
348.432,-3.7927e-12,0,0,3.7927e-12,100000,0.997574,1,0.69,-4.31,0,0,69
348.432,-6.03185e-12,0,0,6.03185e-12,100000,0.997574,1,0.7,-4.3,0,0,70
348.432,-8.05949e-12,0,0,8.05949e-12,100000,0.997574,1,0.71,-4.29,0,0,71
348.432,-1.08894e-11,0,0,1.08894e-11,100000,0.997574,1,0.72,-4.28,0,0,72
348.432,-1.06706e-11,0,0,1.06706e-11,100000,0.997574,1,0.73,-4.27,0,0,73
348.432,-8.92014e-12,0,0,8.92014e-12,100000,0.997574,1,0.74,-4.26,0,0,74
348.432,-7.65833e-12,0,0,7.65833e-12,100000,0.997574,1,0.75,-4.25,0,0,75
348.432,-6.87791e-12,0,0,6.87791e-12,100000,0.997574,1,0.76,-4.24,0,0,76
348.432,-6.75392e-12,0,0,6.75392e-12,100000,0.997574,1,0.77,-4.23,0,0,77
348.432,-7.13319e-12,0,0,7.13319e-12,100000,0.997574,1,0.78,-4.22,0,0,78
348.432,-7.43952e-12,0,0,7.43952e-12,100000,0.997574,1,0.79,-4.21,0,0,79
348.432,-6.6518e-12,0,0,6.6518e-12,100000,0.997574,1,0.8,-4.2,0,0,80
348.432,-6.41841e-12,0,0,6.41841e-12,100000,0.997574,1,0.81,-4.19,0,0,81
348.432,-6.64451e-12,0,0,6.64451e-12,100000,0.997574,1,0.82,-4.18,0,0,82
348.432,-9.13165e-12,0,0,9.13165e-12,100000,0.997574,1,0.83,-4.17,0,0,83
348.432,-1.14438e-11,0,0,1.14438e-11,100000,0.997574,1,0.84,-4.16,0,0,84
348.432,-1.30775e-11,0,0,1.30775e-11,100000,0.997574,1,0.85,-4.15,0,0,85
348.432,-1.28149e-11,0,0,1.28149e-11,100000,0.997574,1,0.86,-4.14,0,0,86
348.432,-1.29681e-11,0,0,1.29681e-11,100000,0.997574,1,0.87,-4.13,0,0,87
348.432,-1.39163e-11,0,0,1.39163e-11,100000,0.997574,1,0.88,-4.12,0,0,88
348.432,-1.40184e-11,0,0,1.40184e-11,100000,0.997574,1,0.89,-4.11,0,0,89
348.432,-1.18595e-11,0,0,1.18595e-11,100000,0.997574,1,0.9,-4.1,0,0,90
348.432,-1.07217e-11,0,0,1.07217e-11,100000,0.997574,1,0.91,-4.09,0,0,91
348.432,-9.74432e-12,0,0,9.74432e-12,100000,0.997574,1,0.92,-4.08,0,0,92
348.432,-9.45987e-12,0,0,9.45987e-12,100000,0.997574,1,0.93,-4.07,0,0,93
348.432,-9.21188e-12,0,0,9.21188e-12,100000,0.997574,1,0.94,-4.06,0,0,94
348.432,-1.0977e-11,0,0,1.0977e-11,100000,0.997574,1,0.95,-4.05,0,0,95
348.432,-1.24648e-11,0,0,1.24648e-11,100000,0.997574,1,0.96,-4.04,0,0,96
348.432,-1.26836e-11,0,0,1.26836e-11,100000,0.997574,1,0.97,-4.03,0,0,97
348.432,-1.07654e-11,0,0,1.07654e-11,100000,0.997574,1,0.98,-4.02,0,0,98
348.432,-8.27829e-12,0,0,8.27829e-12,100000,0.997574,1,0.99,-4.01,0,0,99
348.432,-8.25641e-12,0,0,8.25641e-12,100000,0.997574,1,1,-4,0,0,100
348.432,-1.12833e-11,0,0,1.12833e-11,100000,0.997574,1,1.01,-3.99,0,0,101
348.432,-1.13562e-11,0,0,1.13562e-11,100000,0.997574,1,1.02,-3.98,0,0,102
348.432,-1.10572e-11,0,0,1.10572e-11,100000,0.997574,1,1.03,-3.97,0,0,103
348.432,-9.10248e-12,0,0,9.10248e-12,100000,0.997574,1,1.04,-3.96,0,0,104
348.432,-6.60076e-12,0,0,6.60076e-12,100000,0.997574,1,1.05,-3.95,0,0,105
348.432,-6.20689e-12,0,0,6.20689e-12,100000,0.997574,1,1.06,-3.94,0,0,106
348.432,-5.7328e-12,0,0,5.7328e-12,100000,0.997574,1,1.07,-3.93,0,0,107
348.432,-7.18424e-12,0,0,7.18424e-12,100000,0.997574,1,1.08,-3.92,0,0,108
348.432,-1.05247e-11,0,0,1.05247e-11,100000,0.997574,1,1.09,-3.91,0,0,109
348.432,-1.14218e-11,0,0,1.14218e-11,100000,0.997574,1,1.1,-3.9,0,0,110
348.432,-1.16625e-11,0,0,1.16625e-11,100000,0.997574,1,1.11,-3.89,0,0,111
348.432,-1.15823e-11,0,0,1.15823e-11,100000,0.997574,1,1.12,-3.88,0,0,112
348.432,-9.24835e-12,0,0,9.24835e-12,100000,0.997574,1,1.13,-3.87,0,0,113
348.432,-7.52704e-12,0,0,7.52704e-12,100000,0.997574,1,1.14,-3.86,0,0,114
348.432,-6.6518e-12,0,0,6.6518e-12,100000,0.997574,1,1.15,-3.85,0,0,115
348.432,-8.05219e-12,0,0,8.05219e-12,100000,0.997574,1,1.16,-3.84,0,0,116
348.432,-1.06341e-11,0,0,1.06341e-11,100000,0.997574,1,1.17,-3.83,0,0,117
348.432,-1.16187e-11,0,0,1.16187e-11,100000,0.997574,1,1.18,-3.82,0,0,118
348.432,-1.18522e-11,0,0,1.18522e-11,100000,0.997574,1,1.19,-3.81,0,0,119
348.432,-1.14802e-11,0,0,1.14802e-11,100000,0.997574,1,1.2,-3.8,0,0,120
348.432,-1.14729e-11,0,0,1.14729e-11,100000,0.997574,1,1.21,-3.79,0,0,121
348.432,-1.11229e-11,0,0,1.11229e-11,100000,0.997574,1,1.22,-3.78,0,0,122
348.432,-1.28368e-11,0,0,1.28368e-11,100000,0.997574,1,1.23,-3.77,0,0,123
348.432,-1.05612e-11,0,0,1.05612e-11,100000,0.997574,1,1.24,-3.76,0,0,124
348.432,-8.67944e-12,0,0,8.67944e-12,100000,0.997574,1,1.25,-3.75,0,0,125
348.432,-7.77503e-12,0,0,7.77503e-12,100000,0.997574,1,1.26,-3.74,0,0,126
348.432,-7.42494e-12,0,0,7.42494e-12,100000,0.997574,1,1.27,-3.73,0,0,127
348.432,-6.34548e-12,0,0,6.34548e-12,100000,0.997574,1,1.28,-3.72,0,0,128
348.432,-6.8925e-12,0,0,6.8925e-12,100000,0.997574,1,1.29,-3.71,0,0,129
348.432,-9.29211e-12,0,0,9.29211e-12,100000,0.997574,1,1.3,-3.7,0,0,130
348.432,-1.06488e-11,0,0,1.06488e-11,100000,0.997574,1,1.31,-3.69,0,0,131
348.432,-1.12396e-11,0,0,1.12396e-11,100000,0.997574,1,1.32,-3.68,0,0,132
348.432,-1.2618e-11,0,0,1.2618e-11,100000,0.997574,1,1.33,-3.67,0,0,133
348.432,-1.14e-11,0,0,1.14e-11,100000,0.997574,1,1.34,-3.66,0,0,134
348.432,-8.78156e-12,0,0,8.78156e-12,100000,0.997574,1,1.35,-3.65,0,0,135
348.432,-6.57158e-12,0,0,6.57158e-12,100000,0.997574,1,1.36,-3.64,0,0,136
348.432,-6.15584e-12,0,0,6.15584e-12,100000,0.997574,1,1.37,-3.63,0,0,137
348.432,-5.18578e-12,0,0,5.18578e-12,100000,0.997574,1,1.38,-3.62,0,0,138
348.432,-6.61534e-12,0,0,6.61534e-12,100000,0.997574,1,1.39,-3.61,0,0,139
348.432,-8.19076e-12,0,0,8.19076e-12,100000,0.997574,1,1.4,-3.6,0,0,140
348.432,-9.72973e-12,0,0,9.72973e-12,100000,0.997574,1,1.41,-3.59,0,0,141
348.432,-1.12979e-11,0,0,1.12979e-11,100000,0.997574,1,1.42,-3.58,0,0,142
348.432,-1.22679e-11,0,0,1.22679e-11,100000,0.997574,1,1.43,-3.57,0,0,143
348.432,-1.29681e-11,0,0,1.29681e-11,100000,0.997574,1,1.44,-3.56,0,0,144
348.432,-1.18886e-11,0,0,1.18886e-11,100000,0.997574,1,1.45,-3.55,0,0,145
348.432,-9.93394e-12,0,0,9.93394e-12,100000,0.997574,1,1.46,-3.54,0,0,146
348.432,-8.271e-12,0,0,8.271e-12,100000,0.997574,1,1.47,-3.53,0,0,147
348.432,-8.13242e-12,0,0,8.13242e-12,100000,0.997574,1,1.48,-3.52,0,0,148
348.432,-7.79691e-12,0,0,7.79691e-12,100000,0.997574,1,1.49,-3.51,0,0,149
348.432,-6.36006e-12,0,0,6.36006e-12,100000,0.997574,1,1.5,-3.5,0,0,150
348.432,-6.0902e-12,0,0,6.0902e-12,100000,0.997574,1,1.51,-3.49,0,0,151
348.432,-5.26602e-12,0,0,5.26602e-12,100000,0.997574,1,1.52,-3.48,0,0,152
348.432,-5.23684e-12,0,0,5.23684e-12,100000,0.997574,1,1.53,-3.47,0,0,153
348.432,-8.32935e-12,0,0,8.32935e-12,100000,0.997574,1,1.54,-3.46,0,0,154
348.432,-9.93393e-12,0,0,9.93393e-12,100000,0.997574,1,1.55,-3.45,0,0,155
348.432,-1.15823e-11,0,0,1.15823e-11,100000,0.997574,1,1.56,-3.44,0,0,156
348.432,-1.13271e-11,0,0,1.13271e-11,100000,0.997574,1,1.57,-3.43,0,0,157
348.432,-1.19762e-11,0,0,1.19762e-11,100000,0.997574,1,1.58,-3.42,0,0,158
348.432,-1.28952e-11,0,0,1.28952e-11,100000,0.997574,1,1.59,-3.41,0,0,159
348.432,-1.31724e-11,0,0,1.31724e-11,100000,0.997574,1,1.6,-3.4,0,0,160
348.432,-1.35005e-11,0,0,1.35005e-11,100000,0.997574,1,1.61,-3.39,0,0,161
348.432,-1.24794e-11,0,0,1.24794e-11,100000,0.997574,1,1.62,-3.38,0,0,162
348.432,-9.98501e-12,0,0,9.98501e-12,100000,0.997574,1,1.63,-3.37,0,0,163
348.432,-8.79615e-12,0,0,8.79615e-12,100000,0.997574,1,1.64,-3.36,0,0,164
348.432,-7.90632e-12,0,0,7.90632e-12,100000,0.997574,1,1.65,-3.35,0,0,165
348.432,-7.53434e-12,0,0,7.53434e-12,100000,0.997574,1,1.66,-3.34,0,0,166
348.432,-9.10977e-12,0,0,9.10977e-12,100000,0.997574,1,1.67,-3.33,0,0,167
348.432,-1.03716e-11,0,0,1.03716e-11,100000,0.997574,1,1.68,-3.32,0,0,168
348.432,-9.88287e-12,0,0,9.88287e-12,100000,0.997574,1,1.69,-3.31,0,0,169
348.432,-7.42493e-12,0,0,7.42493e-12,100000,0.997574,1,1.7,-3.3,0,0,170
348.432,-5.7328e-12,0,0,5.7328e-12,100000,0.997574,1,1.71,-3.29,0,0,171
348.432,-4.19385e-12,0,0,4.19385e-12,100000,0.997574,1,1.72,-3.28,0,0,172
348.432,-3.89481e-12,0,0,3.89481e-12,100000,0.997574,1,1.73,-3.27,0,0,173
348.432,-5.9662e-12,0,0,5.9662e-12,100000,0.997574,1,1.74,-3.26,0,0,174
348.432,-7.54893e-12,0,0,7.54893e-12,100000,0.997574,1,1.75,-3.25,0,0,175
348.432,-7.84068e-12,0,0,7.84068e-12,100000,0.997574,1,1.76,-3.24,0,0,176
348.432,-5.80574e-12,0,0,5.80574e-12,100000,0.997574,1,1.77,-3.23,0,0,177
348.432,-4.01151e-12,0,0,4.01151e-12,100000,0.997574,1,1.78,-3.22,0,0,178
348.432,-6.03185e-12,0,0,6.03185e-12,100000,0.997574,1,1.79,-3.21,0,0,179
348.432,-8.42417e-12,0,0,8.42417e-12,100000,0.997574,1,1.8,-3.2,0,0,180
348.432,-9.08059e-12,0,0,9.08059e-12,100000,0.997574,1,1.81,-3.19,0,0,181
348.432,-6.74663e-12,0,0,6.74663e-12,100000,0.997574,1,1.82,-3.18,0,0,182
348.432,-4.39078e-12,0,0,4.39078e-12,100000,0.997574,1,1.83,-3.17,0,0,183
348.432,-3.80729e-12,0,0,3.80729e-12,100000,0.997574,1,1.84,-3.16,0,0,184
348.432,-3.77811e-12,0,0,3.77811e-12,100000,0.997574,1,1.85,-3.15,0,0,185
348.432,-6.02455e-12,0,0,6.02455e-12,100000,0.997574,1,1.86,-3.14,0,0,186
348.432,-7.78962e-12,0,0,7.78962e-12,100000,0.997574,1,1.87,-3.13,0,0,187
348.432,-8.90554e-12,0,0,8.90554e-12,100000,0.997574,1,1.88,-3.12,0,0,188
348.432,-6.71745e-12,0,0,6.71745e-12,100000,0.997574,1,1.89,-3.11,0,0,189
348.432,-4.47101e-12,0,0,4.47101e-12,100000,0.997574,1,1.9,-3.1,0,0,190
348.432,-3.57389e-12,0,0,3.57389e-12,100000,0.997574,1,1.91,-3.09,0,0,191
348.432,-4.29596e-12,0,0,4.29596e-12,100000,0.997574,1,1.92,-3.08,0,0,192
348.432,-6.99461e-12,0,0,6.99461e-12,100000,0.997574,1,1.93,-3.07,0,0,193
348.432,-7.10402e-12,0,0,7.10402e-12,100000,0.997574,1,1.94,-3.06,0,0,194
348.432,-7.13319e-12,0,0,7.13319e-12,100000,0.997574,1,1.95,-3.05,0,0,195
348.432,-7.56351e-12,0,0,7.56351e-12,100000,0.997574,1,1.96,-3.04,0,0,196
348.432,-8.26371e-12,0,0,8.26371e-12,100000,0.997574,1,1.97,-3.03,0,0,197
348.432,-8.00113e-12,0,0,8.00113e-12,100000,0.997574,1,1.98,-3.02,0,0,198
348.432,-6.79039e-12,0,0,6.79039e-12,100000,0.997574,1,1.99,-3.01,0,0,199
348.432,-5.30978e-12,0,0,5.30978e-12,100000,0.997574,1,2,-3,0,0,200
348.432,-3.99692e-12,0,0,3.99692e-12,100000,0.997574,1,2.01,-2.99,0,0,201
348.432,-3.60306e-12,0,0,3.60306e-12,100000,0.997574,1,2.02,-2.98,0,0,202
348.432,-3.28944e-12,0,0,3.28944e-12,100000,0.997574,1,2.03,-2.97,0,0,203
348.432,-5.18578e-12,0,0,5.18578e-12,100000,0.997574,1,2.04,-2.96,0,0,204
348.432,-6.05373e-12,0,0,6.05373e-12,100000,0.997574,1,2.05,-2.95,0,0,205
348.432,-6.53511e-12,0,0,6.53511e-12,100000,0.997574,1,2.06,-2.94,0,0,206
348.432,-7.27907e-12,0,0,7.27907e-12,100000,0.997574,1,2.07,-2.93,0,0,207
348.432,-5.46294e-12,0,0,5.46294e-12,100000,0.997574,1,2.08,-2.92,0,0,208
348.432,-4.16467e-12,0,0,4.16467e-12,100000,0.997574,1,2.09,-2.91,0,0,209
348.432,-3.30402e-12,0,0,3.30402e-12,100000,0.997574,1,2.1,-2.9,0,0,210
348.432,-3.47907e-12,0,0,3.47907e-12,100000,0.997574,1,2.11,-2.89,0,0,211
348.432,-2.23186e-12,0,0,2.23186e-12,100000,0.997574,1,2.12,-2.88,0,0,212
348.432,-1.79424e-12,0,0,1.79424e-12,100000,0.997574,1,2.13,-2.87,0,0,213
348.432,-1.84529e-12,0,0,1.84529e-12,100000,0.997574,1,2.14,-2.86,0,0,214
348.432,-2.78617e-12,0,0,2.78617e-12,100000,0.997574,1,2.15,-2.85,0,0,215
348.432,-4.23761e-12,0,0,4.23761e-12,100000,0.997574,1,2.16,-2.84,0,0,216
348.432,-5.5213e-12,0,0,5.5213e-12,100000,0.997574,1,2.17,-2.83,0,0,217
348.432,-4.94509e-12,0,0,4.94509e-12,100000,0.997574,1,2.18,-2.82,0,0,218
348.432,-3.07792e-12,0,0,3.07792e-12,100000,0.997574,1,2.19,-2.81,0,0,219
348.432,-2.07869e-12,0,0,2.07869e-12,100000,0.997574,1,2.2,-2.8,0,0,220
348.432,-1.91093e-12,0,0,1.91093e-12,100000,0.997574,1,2.21,-2.79,0,0,221
348.432,-2.16621e-12,0,0,2.16621e-12,100000,0.997574,1,2.22,-2.78,0,0,222
348.432,-4.49289e-12,0,0,4.49289e-12,100000,0.997574,1,2.23,-2.77,0,0,223
348.432,-5.35354e-12,0,0,5.35354e-12,100000,0.997574,1,2.24,-2.76,0,0,224
348.432,-3.47177e-12,0,0,3.47177e-12,100000,0.997574,1,2.25,-2.75,0,0,225
348.432,-3.57389e-12,0,0,3.57389e-12,100000,0.997574,1,2.26,-2.74,0,0,226
348.432,-3.92398e-12,0,0,3.92398e-12,100000,0.997574,1,2.27,-2.73,0,0,227
348.432,-3.99692e-12,0,0,3.99692e-12,100000,0.997574,1,2.28,-2.72,0,0,228
348.432,-4.05526e-12,0,0,4.05526e-12,100000,0.997574,1,2.29,-2.71,0,0,229
348.432,-4.60959e-12,0,0,4.60959e-12,100000,0.997574,1,2.3,-2.7,0,0,230
348.432,-4.07715e-12,0,0,4.07715e-12,100000,0.997574,1,2.31,-2.69,0,0,231
348.432,-2.67677e-12,0,0,2.67677e-12,100000,0.997574,1,2.32,-2.68,0,0,232
348.432,-1.53166e-12,0,0,1.53166e-12,100000,0.997574,1,2.33,-2.67,0,0,233
348.432,-1.69942e-12,0,0,1.69942e-12,100000,0.997574,1,2.34,-2.66,0,0,234
348.432,-2.12245e-12,0,0,2.12245e-12,100000,0.997574,1,2.35,-2.65,0,0,235
348.432,-1.61919e-12,0,0,1.61919e-12,100000,0.997574,1,2.36,-2.64,0,0,236
348.432,-1.98387e-12,0,0,1.98387e-12,100000,0.997574,1,2.37,-2.63,0,0,237
348.432,-2.04222e-12,0,0,2.04222e-12,100000,0.997574,1,2.38,-2.62,0,0,238
348.432,-1.4952e-12,0,0,1.4952e-12,100000,0.997574,1,2.39,-2.61,0,0,239
348.432,-1.46602e-12,0,0,1.46602e-12,100000,0.997574,1,2.4,-2.6,0,0,240
348.432,-1.04299e-12,0,0,1.04299e-12,100000,0.997574,1,2.41,-2.59,0,0,241
348.432,-5.32437e-13,0,0,5.32437e-13,100000,0.997574,1,2.42,-2.58,0,0,242
348.432,-8.02301e-13,0,0,8.02301e-13,100000,0.997574,1,2.43,-2.57,0,0,243
348.432,-1.77236e-12,0,0,1.77236e-12,100000,0.997574,1,2.44,-2.56,0,0,244
348.432,-2.51631e-12,0,0,2.51631e-12,100000,0.997574,1,2.45,-2.55,0,0,245
348.432,-2.50172e-12,0,0,2.50172e-12,100000,0.997574,1,2.46,-2.54,0,0,246
348.432,-2.30479e-12,0,0,2.30479e-12,100000,0.997574,1,2.47,-2.53,0,0,247
348.432,-2.14434e-12,0,0,2.14434e-12,100000,0.997574,1,2.48,-2.52,0,0,248
348.432,-1.07946e-12,0,0,1.07946e-12,100000,0.997574,1,2.49,-2.51,0,0,249
348.432,7.87715e-13,0,0,7.87715e-13,100000,0.997574,1,2.5,-2.5,0,0,250
348.432,1.06487e-12,0,0,1.06487e-12,100000,0.997574,1,2.51,-2.49,0,0,251
348.432,1.08675e-12,0,0,1.08675e-12,100000,0.997574,1,2.52,-2.48,0,0,252
348.432,3.64684e-14,0,0,9.48176e-14,100000,0.997574,1,2.53,-2.47,0,0,253
348.432,-1.12322e-12,0,0,1.12322e-12,100000,0.997574,1,2.54,-2.46,0,0,254
348.432,-1.4952e-12,0,0,1.4952e-12,100000,0.997574,1,2.55,-2.45,0,0,255
348.432,-1.73589e-12,0,0,1.73589e-12,100000,0.997574,1,2.56,-2.44,0,0,256
348.432,-1.52437e-12,0,0,1.52437e-12,100000,0.997574,1,2.57,-2.43,0,0,257
348.432,1.45873e-13,0,0,3.7927e-13,100000,0.997574,1,2.58,-2.42,0,0,258
348.432,2.18809e-12,0,0,2.18809e-12,100000,0.997574,1,2.59,-2.41,0,0,259
348.432,1.86718e-12,0,0,1.86718e-12,100000,0.997574,1,2.6,-2.4,0,0,260
348.432,9.40881e-13,0,0,9.40881e-13,100000,0.997574,1,2.61,-2.39,0,0,261
348.432,-3.28214e-13,0,0,3.28214e-13,100000,0.997574,1,2.62,-2.38,0,0,262
348.432,-1.09404e-12,0,0,1.09404e-12,100000,0.997574,1,2.63,-2.37,0,0,263
348.432,-9.6276e-13,0,0,9.6276e-13,100000,0.997574,1,2.64,-2.36,0,0,264
348.432,-8.09595e-13,0,0,8.09595e-13,100000,0.997574,1,2.65,-2.35,0,0,265
348.432,-1.1451e-12,0,0,1.1451e-12,100000,0.997574,1,2.66,-2.34,0,0,266
348.432,-6.63722e-13,0,0,6.63722e-13,100000,0.997574,1,2.67,-2.33,0,0,267
348.432,5.17849e-13,0,0,5.17849e-13,100000,0.997574,1,2.68,-2.32,0,0,268
348.432,1.51708e-12,0,0,1.51708e-12,100000,0.997574,1,2.69,-2.31,0,0,269
348.432,4.95968e-13,0,0,4.95968e-13,100000,0.997574,1,2.7,-2.3,0,0,270
348.432,5.8349e-14,0,0,2.91746e-13,100000,0.997574,1,2.71,-2.29,0,0,271
348.432,-4.595e-13,0,0,4.595e-13,100000,0.997574,1,2.72,-2.28,0,0,272
348.432,7.22071e-13,0,0,7.22071e-13,100000,0.997574,1,2.73,-2.27,0,0,273
348.432,2.19539e-12,0,0,2.19539e-12,100000,0.997574,1,2.74,-2.26,0,0,274
348.432,3.99692e-12,0,0,3.99692e-12,100000,0.997574,1,2.75,-2.25,0,0,275
348.432,5.01073e-12,0,0,5.01073e-12,100000,0.997574,1,2.76,-2.24,0,0,276
348.432,4.41995e-12,0,0,4.41995e-12,100000,0.997574,1,2.77,-2.23,0,0,277
348.432,3.96046e-12,0,0,3.96046e-12,100000,0.997574,1,2.78,-2.22,0,0,278
348.432,1.07946e-12,0,0,1.07946e-12,100000,0.997574,1,2.79,-2.21,0,0,279
348.432,5.98079e-13,0,0,5.98079e-13,100000,0.997574,1,2.8,-2.2,0,0,280
348.432,1.23992e-12,0,0,1.23992e-12,100000,0.997574,1,2.81,-2.19,0,0,281
348.432,1.64837e-12,0,0,1.64837e-12,100000,0.997574,1,2.82,-2.18,0,0,282
348.432,1.23992e-13,0,0,1.23992e-13,100000,0.997574,1,2.83,-2.17,0,0,283
348.432,-4.37619e-14,0,0,4.37619e-14,100000,0.997574,1,2.84,-2.16,0,0,284
348.432,5.10556e-13,0,0,5.10556e-13,100000,0.997574,1,2.85,-2.15,0,0,285
348.432,7.3666e-13,0,0,7.3666e-13,100000,0.997574,1,2.86,-2.14,0,0,286
348.432,2.02764e-12,0,0,2.02764e-12,100000,0.997574,1,2.87,-2.13,0,0,287
348.432,3.10709e-12,0,0,3.10709e-12,100000,0.997574,1,2.88,-2.12,0,0,288
348.432,5.74011e-12,0,0,5.74011e-12,100000,0.997574,1,2.89,-2.11,0,0,289
348.432,5.98079e-12,0,0,5.98079e-12,100000,0.997574,1,2.9,-2.1,0,0,290
348.432,4.77734e-12,0,0,4.77734e-12,100000,0.997574,1,2.91,-2.09,0,0,291
348.432,9.44528e-12,0,0,9.44528e-12,100000,0.997574,1,2.92,-2.08,0,0,292
348.432,6.44102e-11,0,0,6.44102e-11,100000,0.997574,1,2.93,-2.07,0,0,293
348.432,5.75871e-10,0,0,5.75871e-10,100000,0.997574,1,2.94,-2.06,0,0,294
348.432,4.91884e-09,0,0,4.91884e-09,100000,0.997574,1,2.95,-2.05,0,0,295
348.432,3.83645e-08,0,0,3.83645e-08,100000,0.997574,1,2.96,-2.04,0,0,296
348.432,2.70669e-07,0,0,2.70669e-07,100000,0.997574,1,2.97,-2.03,0,0,297
348.432,1.72211e-06,0,0,1.72211e-06,100000,0.997574,1,2.98,-2.02,0,0,298
348.432,9.8602e-06,0,0,9.8602e-06,100000,0.997574,1,2.99,-2.01,0,0,299
348.432,5.07029e-05,0,0,5.07029e-05,100000,0.997574,1,3,-2,0,0,300
348.432,0.000233664,0,0,0.000233664,99999.9,0.997574,1,3.01,-1.99,0,0,301
348.432,0.000963007,0,0,0.000963007,99999.7,0.997572,1,3.02,-1.98,0,0,302
348.431,0.00354165,0,0,0.00354165,99998.7,0.997564,1,3.03,-1.97,0,0,303
348.427,0.0115993,0,0,0.0115993,99995.6,0.997544,1,3.04,-1.96,0,0,304
348.419,0.0337727,0,0,0.0337727,99987.4,0.997484,1,3.05,-1.95,0,0,305
348.4,0.0873557,0,0,0.0873557,99967.3,0.997342,1,3.06,-1.94,0,0,306
348.357,0.200936,0,0,0.200936,99925,0.99704,1,3.07,-1.93,0,0,307
348.278,0.412587,0,0,0.412587,99845.9,0.996477,1,3.08,-1.92,0,0,308
348.148,0.761711,0,0,0.761711,99715.7,0.995549,1,3.09,-1.91,0,0,309
347.956,1.27765,0,0,1.27765,99523.4,0.994179,1,3.1,-1.9,0,0,310
347.698,1.97171,0,0,1.97171,99265.2,0.992337,1,3.11,-1.89,0,0,311
347.375,2.83693,0,0,2.83693,98944.3,0.990046,1,3.12,-1.88,0,0,312
346.997,3.85369,0,0,3.85369,98568.2,0.987358,1,3.13,-1.87,0,0,313
346.572,4.99705,0,0,4.99705,98146.8,0.984344,1,3.14,-1.86,0,0,314
346.108,6.24224,0,0,6.24224,97689.5,0.981068,1,3.15,-1.85,0,0,315
345.616,7.56761,0,0,7.56761,97204.9,0.977592,1,3.16,-1.84,0,0,316
345.101,8.95553,0,0,8.95553,96699.6,0.973962,1,3.17,-1.83,0,0,317
344.568,10.3923,0,0,10.3923,96179,0.970216,1,3.18,-1.82,0,0,318
344.021,11.8672,0,0,11.8672,95647,0.966383,1,3.19,-1.81,0,0,319
343.464,13.3725,0,0,13.3725,95106.6,0.962483,1,3.2,-1.8,0,0,320
342.898,14.902,0,0,14.902,94560.3,0.958533,1,3.21,-1.79,0,0,321
342.326,16.4511,0,0,16.4511,94009.7,0.954546,1,3.22,-1.78,0,0,322
341.747,18.0162,0,0,18.0162,93456.2,0.950531,1,3.23,-1.77,0,0,323
341.165,19.5945,0,0,19.5945,92900.9,0.946496,1,3.24,-1.76,0,0,324
340.578,21.1838,0,0,21.1838,92344.5,0.942447,1,3.25,-1.75,0,0,325
339.99,22.7822,0,0,22.7822,91787.9,0.938388,1,3.26,-1.74,0,0,326
339.398,24.3883,0,0,24.3883,91231.5,0.934325,1,3.27,-1.73,0,0,327
338.805,26.001,0,0,26.001,90675.6,0.930257,1,3.28,-1.72,0,0,328
338.211,27.6194,0,0,27.6194,90120.8,0.926192,1,3.29,-1.71,0,0,329
337.615,29.2425,0,0,29.2425,89567.2,0.922127,1,3.3,-1.7,0,0,330
337.018,30.8696,0,0,30.8696,89015.2,0.918067,1,3.31,-1.69,0,0,331
336.421,32.5005,0,0,32.5005,88465,0.914013,1,3.32,-1.68,0,0,332
335.822,34.1345,0,0,34.1345,87916.5,0.909964,1,3.33,-1.67,0,0,333
335.223,35.7713,0,0,35.7713,87370,0.905923,1,3.34,-1.66,0,0,334
334.624,37.4105,0,0,37.4105,86825.6,0.901891,1,3.35,-1.65,0,0,335
334.025,39.0518,0,0,39.0518,86283.5,0.897868,1,3.36,-1.64,0,0,336
333.425,40.6952,0,0,40.6952,85743.6,0.893854,1,3.37,-1.63,0,0,337
332.825,42.3402,0,0,42.3402,85206,0.88985,1,3.38,-1.62,0,0,338
332.226,43.9867,0,0,43.9867,84670.9,0.885858,1,3.39,-1.61,0,0,339
331.626,45.6348,0,0,45.6348,84138.1,0.881876,1,3.4,-1.6,0,0,340
331.026,47.284,0,0,47.284,83607.8,0.877905,1,3.41,-1.59,0,0,341
330.427,48.9344,0,0,48.9344,83080,0.873945,1,3.42,-1.58,0,0,342
329.828,50.5859,0,0,50.5859,82554.8,0.869998,1,3.43,-1.57,0,0,343
329.229,52.2383,0,0,52.2383,82032.1,0.866063,1,3.44,-1.56,0,0,344
328.63,53.8916,0,0,53.8916,81512,0.86214,1,3.45,-1.55,0,0,345
328.031,55.5456,0,0,55.5456,80994.4,0.858229,1,3.46,-1.54,0,0,346
327.433,57.2004,0,0,57.2004,80479.4,0.854331,1,3.47,-1.53,0,0,347
326.835,58.856,0,0,58.856,79967,0.850445,1,3.48,-1.52,0,0,348
326.237,60.5121,0,0,60.5121,79457.2,0.846572,1,3.49,-1.51,0,0,349
325.639,62.1688,0,0,62.1688,78950.1,0.842711,1,3.5,-1.5,0,0,350
325.042,63.826,0,0,63.826,78445.5,0.838864,1,3.51,-1.49,0,0,351
324.446,65.4838,0,0,65.4838,77943.7,0.835029,1,3.52,-1.48,0,0,352
323.849,67.142,0,0,67.142,77444.3,0.831208,1,3.53,-1.47,0,0,353
323.253,68.8006,0,0,68.8006,76947.6,0.827399,1,3.54,-1.46,0,0,354
322.658,70.4597,0,0,70.4597,76453.5,0.823604,1,3.55,-1.45,0,0,355
322.063,72.119,0,0,72.119,75962,0.819821,1,3.56,-1.44,0,0,356
321.469,73.7788,0,0,73.7788,75473.2,0.816051,1,3.57,-1.43,0,0,357
320.875,75.4388,0,0,75.4388,74987,0.812295,1,3.58,-1.42,0,0,358
320.281,77.0992,0,0,77.0992,74503.2,0.808552,1,3.59,-1.41,0,0,359
319.687,78.7599,0,0,78.7599,74022.2,0.804822,1,3.6,-1.4,0,0,360
319.094,80.4207,0,0,80.4207,73543.6,0.801105,1,3.61,-1.39,0,0,361
318.501,82.082,0,0,82.082,73067.8,0.797402,1,3.62,-1.38,0,0,362
317.909,83.7433,0,0,83.7433,72594.5,0.793712,1,3.63,-1.37,0,0,363
317.318,85.405,0,0,85.405,72123.7,0.790035,1,3.64,-1.36,0,0,364
316.727,87.0668,0,0,87.0668,71655.5,0.786371,1,3.65,-1.35,0,0,365
316.136,88.7289,0,0,88.7289,71189.9,0.782719,1,3.66,-1.34,0,0,366
315.547,90.3911,0,0,90.3911,70726.7,0.779082,1,3.67,-1.33,0,0,367
314.958,92.0535,0,0,92.0535,70266.2,0.775457,1,3.68,-1.32,0,0,368
314.368,93.716,0,0,93.716,69808.1,0.771846,1,3.69,-1.31,0,0,369
313.779,95.3786,0,0,95.3786,69352.6,0.768247,1,3.7,-1.3,0,0,370
313.191,97.0415,0,0,97.0415,68899.6,0.764663,1,3.71,-1.29,0,0,371
312.604,98.7045,0,0,98.7045,68449,0.761091,1,3.72,-1.28,0,0,372
312.017,100.367,0,0,100.367,68001,0.757532,1,3.73,-1.27,0,0,373
311.43,102.031,0,0,102.031,67555.5,0.753986,1,3.74,-1.26,0,0,374
310.844,103.694,0,0,103.694,67112.5,0.750453,1,3.75,-1.25,0,0,375
310.259,105.357,0,0,105.357,66671.9,0.746933,1,3.76,-1.24,0,0,376
309.674,107.021,0,0,107.021,66233.8,0.743427,1,3.77,-1.23,0,0,377
309.089,108.684,0,0,108.684,65798,0.739933,1,3.78,-1.22,0,0,378
308.505,110.348,0,0,110.348,65364.8,0.736452,1,3.79,-1.21,0,0,379
307.922,112.012,0,0,112.012,64934,0.732984,1,3.8,-1.2,0,0,380
307.339,113.676,0,0,113.676,64505.5,0.72953,1,3.81,-1.19,0,0,381
306.757,115.34,0,0,115.34,64079.6,0.726087,1,3.82,-1.18,0,0,382
306.175,117.004,0,0,117.004,63656,0.722658,1,3.83,-1.17,0,0,383
305.594,118.668,0,0,118.668,63234.7,0.719241,1,3.84,-1.16,0,0,384
305.013,120.332,0,0,120.332,62815.9,0.715838,1,3.85,-1.15,0,0,385
304.433,121.996,0,0,121.996,62399.4,0.712448,1,3.86,-1.14,0,0,386
303.853,123.66,0,0,123.66,61985.2,0.709069,1,3.87,-1.13,0,0,387
303.274,125.324,0,0,125.324,61573.6,0.705704,1,3.88,-1.12,0,0,388
302.695,126.988,0,0,126.988,61164.1,0.702352,1,3.89,-1.11,0,0,389
302.117,128.653,0,0,128.653,60757,0.699012,1,3.9,-1.1,0,0,390
301.539,130.317,0,0,130.317,60352.2,0.695685,1,3.91,-1.09,0,0,391
300.962,131.982,0,0,131.982,59949.7,0.692369,1,3.92,-1.08,0,0,392
300.386,133.646,0,0,133.646,59549.6,0.689068,1,3.93,-1.07,0,0,393
299.81,135.311,0,0,135.311,59151.6,0.685778,1,3.94,-1.06,0,0,394
299.234,136.975,0,0,136.975,58756,0.682501,1,3.95,-1.05,0,0,395
298.659,138.639,0,0,138.639,58362.6,0.679237,1,3.96,-1.04,0,0,396
298.086,140.303,0,0,140.303,57971.5,0.675985,1,3.97,-1.03,0,0,397
297.512,141.968,0,0,141.968,57582.7,0.672746,1,3.98,-1.02,0,0,398
296.939,143.633,0,0,143.633,57196.1,0.669519,1,3.99,-1.01,0,0,399
296.366,145.297,0,0,145.297,56811.6,0.666304,1,4,-1,0,0,400
295.794,146.962,0,0,146.962,56429.4,0.663102,1,4.01,-0.99,0,0,401
295.223,148.626,0,0,148.626,56049.6,0.659912,1,4.02,-0.98,0,0,402
294.651,150.29,0,0,150.29,55671.8,0.656734,1,4.03,-0.97,0,0,403
294.081,151.954,0,0,151.954,55296.1,0.653569,1,4.04,-0.96,0,0,404
293.512,153.619,0,0,153.619,54922.8,0.650416,1,4.05,-0.95,0,0,405
292.941,155.283,0,0,155.283,54551.5,0.647275,1,4.06,-0.94,0,0,406
292.373,156.948,0,0,156.948,54182.4,0.644146,1,4.07,-0.93,0,0,407
291.805,158.612,0,0,158.612,53815.5,0.641029,1,4.08,-0.92,0,0,408
291.237,160.276,0,0,160.276,53450.7,0.637925,1,4.09,-0.91,0,0,409
290.671,161.94,0,0,161.94,53088,0.634833,1,4.1,-0.9,0,0,410
290.104,163.604,0,0,163.604,52727.4,0.631752,1,4.11,-0.89,0,0,411
289.538,165.269,0,0,165.269,52369,0.628684,1,4.12,-0.88,0,0,412
288.973,166.933,0,0,166.933,52012.6,0.625628,1,4.13,-0.87,0,0,413
288.408,168.597,0,0,168.597,51658.4,0.622582,1,4.14,-0.86,0,0,414
287.844,170.261,0,0,170.261,51306.2,0.619551,1,4.15,-0.85,0,0,415
287.28,171.925,0,0,171.925,50956.1,0.616531,1,4.16,-0.84,0,0,416
286.716,173.589,0,0,173.589,50608,0.613522,1,4.17,-0.83,0,0,417
286.154,175.253,0,0,175.253,50262.1,0.610525,1,4.18,-0.82,0,0,418
285.592,176.917,0,0,176.917,49918.1,0.60754,1,4.19,-0.81,0,0,419
285.031,178.581,0,0,178.581,49576.2,0.604567,1,4.2,-0.8,0,0,420
284.47,180.244,0,0,180.244,49236.3,0.601606,1,4.21,-0.79,0,0,421
283.91,181.908,0,0,181.908,48898.5,0.598656,1,4.22,-0.78,0,0,422
283.35,183.571,0,0,183.571,48562.6,0.595719,1,4.23,-0.77,0,0,423
282.791,185.234,0,0,185.234,48228.6,0.592792,1,4.24,-0.76,0,0,424
282.233,186.898,0,0,186.898,47896.8,0.589877,1,4.25,-0.75,0,0,425
281.675,188.561,0,0,188.561,47566.9,0.586975,1,4.26,-0.74,0,0,426
281.118,190.225,0,0,190.225,47238.9,0.584083,1,4.27,-0.73,0,0,427
280.561,191.887,0,0,191.887,46912.9,0.581203,1,4.28,-0.72,0,0,428
280.005,193.55,0,0,193.55,46588.9,0.578336,1,4.29,-0.71,0,0,429
279.449,195.213,0,0,195.213,46266.8,0.575478,1,4.3,-0.7,0,0,430
278.895,196.876,0,0,196.876,45946.6,0.572634,1,4.31,-0.69,0,0,431
278.34,198.538,0,0,198.538,45628.4,0.5698,1,4.32,-0.68,0,0,432
277.786,200.201,0,0,200.201,45312.1,0.566978,1,4.33,-0.67,0,0,433
277.233,201.863,0,0,201.863,44997.6,0.564167,1,4.34,-0.66,0,0,434
276.681,203.525,0,0,203.525,44685.1,0.561368,1,4.35,-0.65,0,0,435
276.129,205.187,0,0,205.187,44374.6,0.55858,1,4.36,-0.64,0,0,436
275.578,206.849,0,0,206.849,44065.8,0.555804,1,4.37,-0.63,0,0,437
275.026,208.51,0,0,208.51,43759,0.553038,1,4.38,-0.62,0,0,438
274.477,210.172,0,0,210.172,43454,0.550285,1,4.39,-0.61,0,0,439
273.927,211.833,0,0,211.833,43150.9,0.547542,1,4.4,-0.6,0,0,440
273.379,213.493,0,0,213.493,42849.6,0.544811,1,4.41,-0.59,0,0,441
272.831,215.154,0,0,215.154,42550.2,0.542091,1,4.42,-0.58,0,0,442
272.283,216.814,0,0,216.814,42252.6,0.539383,1,4.43,-0.57,0,0,443
271.736,218.475,0,0,218.475,41956.9,0.536685,1,4.44,-0.56,0,0,444
271.19,220.134,0,0,220.134,41663,0.533999,1,4.45,-0.55,0,0,445
270.644,221.794,0,0,221.794,41370.9,0.531325,1,4.46,-0.54,0,0,446
270.099,223.453,0,0,223.453,41080.6,0.528661,1,4.47,-0.53,0,0,447
269.555,225.112,0,0,225.112,40792.2,0.52601,1,4.48,-0.52,0,0,448
269.011,226.77,0,0,226.77,40505.5,0.523368,1,4.49,-0.51,0,0,449
268.468,228.428,0,0,228.428,40220.7,0.520739,1,4.5,-0.5,0,0,450
267.926,230.085,0,0,230.085,39937.6,0.518121,1,4.51,-0.49,0,0,451
267.384,231.742,0,0,231.742,39656.4,0.515514,1,4.52,-0.48,0,0,452
266.844,233.398,0,0,233.398,39376.9,0.512918,1,4.53,-0.47,0,0,453
266.304,235.054,0,0,235.054,39099.2,0.510334,1,4.54,-0.46,0,0,454
265.764,236.709,0,0,236.709,38823.4,0.507761,1,4.55,-0.45,0,0,455
265.226,238.363,0,0,238.363,38549.2,0.5052,1,4.56,-0.44,0,0,456
264.688,240.018,0,0,240.018,38276.9,0.50265,1,4.57,-0.43,0,0,457
264.151,241.67,0,0,241.67,38006.4,0.500113,1,4.58,-0.42,0,0,458
263.615,243.322,0,0,243.322,37737.7,0.497586,1,4.59,-0.41,0,0,459
263.081,244.973,0,0,244.973,37470.8,0.495072,1,4.6,-0.4,0,0,460
262.546,246.622,0,0,246.622,37205.6,0.492568,1,4.61,-0.39,0,0,461
262.013,248.271,0,0,248.271,36942.4,0.490078,1,4.62,-0.38,0,0,462
261.48,249.918,0,0,249.918,36680.9,0.487599,1,4.63,-0.37,0,0,463
260.95,251.563,0,0,251.563,36421.1,0.485133,1,4.64,-0.36,0,0,464
260.419,253.207,0,0,253.207,36163.4,0.482679,1,4.65,-0.35,0,0,465
259.891,254.848,0,0,254.848,35907.4,0.480238,1,4.66,-0.34,0,0,466
259.362,256.488,0,0,256.488,35653.4,0.477811,1,4.67,-0.33,0,0,467
258.836,258.125,0,0,258.125,35401.2,0.475397,1,4.68,-0.32,0,0,468
258.312,259.76,0,0,259.76,35151.1,0.472997,1,4.69,-0.31,0,0,469
257.788,261.391,0,0,261.391,34902.9,0.47061,1,4.7,-0.3,0,0,470
257.266,263.018,0,0,263.018,34656.8,0.468239,1,4.71,-0.29,0,0,471
256.747,264.64,0,0,264.64,34412.8,0.465885,1,4.72,-0.28,0,0,472
256.229,266.258,0,0,266.258,34171,0.463546,1,4.73,-0.27,0,0,473
255.714,267.87,0,0,267.87,33931.6,0.461224,1,4.74,-0.26,0,0,474
255.202,269.476,0,0,269.476,33694.5,0.458923,1,4.75,-0.25,0,0,475
254.692,271.073,0,0,271.073,33460,0.456641,1,4.76,-0.24,0,0,476
254.186,272.662,0,0,272.662,33228.4,0.454381,1,4.77,-0.23,0,0,477
253.684,274.238,0,0,274.238,32999.7,0.452147,1,4.78,-0.22,0,0,478
253.187,275.802,0,0,275.802,32774.3,0.449941,1,4.79,-0.21,0,0,479
252.695,277.349,0,0,277.349,32552.6,0.447765,1,4.8,-0.2,0,0,480
252.211,278.876,0,0,278.876,32334.9,0.445626,1,4.81,-0.19,0,0,481
251.736,280.378,0,0,280.378,32122,0.443529,1,4.82,-0.18,0,0,482
251.269,281.851,0,0,281.851,31914.6,0.441482,1,4.83,-0.17,0,0,483
250.815,283.285,0,0,283.285,31713.4,0.439493,1,4.84,-0.16,0,0,484
250.376,284.674,0,0,284.674,31519.8,0.437575,1,4.85,-0.15,0,0,485
249.957,286.005,0,0,286.005,31335.1,0.435743,1,4.86,-0.14,0,0,486
249.56,287.264,0,0,287.264,31161.3,0.434013,1,4.87,-0.13,0,0,487
249.191,288.435,0,0,288.435,31000.2,0.432409,1,4.88,-0.12,0,0,488
248.857,289.5,0,0,289.5,30854.3,0.430953,1,4.89,-0.11,0,0,489
248.562,290.44,0,0,290.44,30726.1,0.429669,1,4.9,-0.1,0,0,490
248.312,291.237,0,0,291.237,30617.4,0.428582,1,4.91,-0.09,0,0,491
248.111,291.882,0,0,291.882,30529.8,0.427702,1,4.92,-0.08,0,0,492
247.958,292.371,0,0,292.371,30463.4,0.427034,1,4.93,-0.07,0,0,493
247.852,292.716,0,0,292.716,30416.6,0.426562,1,4.94,-0.06,0,0,494
247.783,292.94,0,0,292.94,30386.2,0.426255,1,4.95,-0.05,0,0,495
247.742,293.072,0,0,293.072,30368.3,0.426074,1,4.96,-0.04,0,0,496
247.72,293.143,0,0,293.143,30358.7,0.425977,1,4.97,-0.03,0,0,497
247.71,293.177,0,0,293.177,30354.1,0.425929,1,4.98,-0.02,0,0,498
247.705,293.191,0,0,293.191,30352.1,0.425908,1,4.99,-0.01,0,0,499
247.704,293.198,0,0,293.198,30351.2,0.425899,1,5,0,0,0,500
247.703,293.2,0,0,293.2,30350.9,0.425896,1,5.01,0.01,0,0,501
247.703,293.201,0,0,293.201,30350.8,0.425894,1,5.02,0.02,0,0,502
247.703,293.201,0,0,293.201,30350.8,0.425894,1,5.03,0.03,0,0,503
247.703,293.201,0,0,293.201,30350.8,0.425893,1,5.04,0.04,0,0,504
247.704,293.201,0,0,293.201,30350.7,0.425893,1,5.05,0.05,0,0,505
247.704,293.201,0,0,293.201,30350.7,0.425892,1,5.06,0.06,0,0,506
247.704,293.202,0,0,293.202,30350.7,0.425892,1,5.07,0.07,0,0,507
247.704,293.202,0,0,293.202,30350.7,0.425891,1,5.08,0.08,0,0,508
247.704,293.202,0,0,293.202,30350.6,0.42589,1,5.09,0.09,0,0,509
247.704,293.202,0,0,293.202,30350.6,0.42589,1,5.1,0.1,0,0,510
247.705,293.202,0,0,293.202,30350.6,0.425889,1,5.11,0.11,0,0,511
247.705,293.202,0,0,293.202,30350.6,0.425888,1,5.12,0.12,0,0,512
247.705,293.203,0,0,293.203,30350.5,0.425888,1,5.13,0.13,0,0,513
247.705,293.203,0,0,293.203,30350.5,0.425887,1,5.14,0.14,0,0,514
247.705,293.203,0,0,293.203,30350.5,0.425887,1,5.15,0.15,0,0,515
247.705,293.203,0,0,293.203,30350.5,0.425886,1,5.16,0.16,0,0,516
247.706,293.203,0,0,293.203,30350.5,0.425886,1,5.17,0.17,0,0,517
247.706,293.203,0,0,293.203,30350.5,0.425885,1,5.18,0.18,0,0,518
247.706,293.203,0,0,293.203,30350.5,0.425884,1,5.19,0.19,0,0,519
247.706,293.203,0,0,293.203,30350.4,0.425884,1,5.2,0.2,0,0,520
247.707,293.203,0,0,293.203,30350.4,0.425883,1,5.21,0.21,0,0,521
247.707,293.203,0,0,293.203,30350.4,0.425883,1,5.22,0.22,0,0,522
247.707,293.203,0,0,293.203,30350.4,0.425882,1,5.23,0.23,0,0,523
247.707,293.204,0,0,293.204,30350.4,0.425882,1,5.24,0.24,0,0,524
247.708,293.204,0,0,293.204,30350.4,0.425881,1,5.25,0.25,0,0,525
247.708,293.204,0,0,293.204,30350.4,0.425881,1,5.26,0.26,0,0,526
247.708,293.204,0,0,293.204,30350.4,0.42588,1,5.27,0.27,0,0,527
247.708,293.204,0,0,293.204,30350.4,0.42588,1,5.28,0.28,0,0,528
247.709,293.204,0,0,293.204,30350.4,0.425879,1,5.29,0.29,0,0,529
247.709,293.204,0,0,293.204,30350.4,0.425878,1,5.3,0.3,0,0,530
247.709,293.204,0,0,293.204,30350.4,0.425878,1,5.31,0.31,0,0,531
247.71,293.204,0,0,293.204,30350.4,0.425877,1,5.32,0.32,0,0,532
247.71,293.204,0,0,293.204,30350.4,0.425877,1,5.33,0.33,0,0,533
247.71,293.204,0,0,293.204,30350.4,0.425876,1,5.34,0.34,0,0,534
247.71,293.204,0,0,293.204,30350.3,0.425875,1,5.35,0.35,0,0,535
247.711,293.204,0,0,293.204,30350.3,0.425875,1,5.36,0.36,0,0,536
247.711,293.204,0,0,293.204,30350.3,0.425874,1,5.37,0.37,0,0,537
247.711,293.204,0,0,293.204,30350.3,0.425874,1,5.38,0.38,0,0,538
247.712,293.204,0,0,293.204,30350.3,0.425873,1,5.39,0.39,0,0,539
247.712,293.204,0,0,293.204,30350.3,0.425872,1,5.4,0.4,0,0,540
247.712,293.204,0,0,293.204,30350.3,0.425872,1,5.41,0.41,0,0,541
247.713,293.204,0,0,293.204,30350.3,0.425871,1,5.42,0.42,0,0,542
247.713,293.204,0,0,293.204,30350.3,0.42587,1,5.43,0.43,0,0,543
247.714,293.204,0,0,293.204,30350.3,0.42587,1,5.44,0.44,0,0,544
247.714,293.204,0,0,293.204,30350.3,0.425869,1,5.45,0.45,0,0,545
247.714,293.204,0,0,293.204,30350.3,0.425868,1,5.46,0.46,0,0,546
247.715,293.204,0,0,293.204,30350.3,0.425867,1,5.47,0.47,0,0,547
247.715,293.204,0,0,293.204,30350.3,0.425867,1,5.48,0.48,0,0,548
247.716,293.204,0,0,293.204,30350.3,0.425866,1,5.49,0.49,0,0,549
247.716,293.204,0,0,293.204,30350.3,0.425865,1,5.5,0.5,0,0,550
247.716,293.204,0,0,293.204,30350.3,0.425864,1,5.51,0.51,0,0,551
247.717,293.204,0,0,293.204,30350.3,0.425864,1,5.52,0.52,0,0,552
247.717,293.204,0,0,293.204,30350.3,0.425863,1,5.53,0.53,0,0,553
247.718,293.204,0,0,293.204,30350.3,0.425862,1,5.54,0.54,0,0,554
247.718,293.204,0,0,293.204,30350.3,0.425861,1,5.55,0.55,0,0,555
247.719,293.204,0,0,293.204,30350.3,0.42586,1,5.56,0.56,0,0,556
247.719,293.204,0,0,293.204,30350.3,0.425859,1,5.57,0.57,0,0,557
247.72,293.204,0,0,293.204,30350.3,0.425858,1,5.58,0.58,0,0,558
247.72,293.204,0,0,293.204,30350.3,0.425858,1,5.59,0.59,0,0,559
247.721,293.204,0,0,293.204,30350.3,0.425857,1,5.6,0.6,0,0,560
247.721,293.204,0,0,293.204,30350.3,0.425856,1,5.61,0.61,0,0,561
247.722,293.204,0,0,293.204,30350.3,0.425855,1,5.62,0.62,0,0,562
247.723,293.204,0,0,293.204,30350.3,0.425854,1,5.63,0.63,0,0,563
247.723,293.204,0,0,293.204,30350.3,0.425853,1,5.64,0.64,0,0,564
247.724,293.204,0,0,293.204,30350.3,0.425852,1,5.65,0.65,0,0,565
247.724,293.204,0,0,293.204,30350.3,0.425851,1,5.66,0.66,0,0,566
247.725,293.205,0,0,293.205,30350.3,0.425849,1,5.67,0.67,0,0,567
247.725,293.205,0,0,293.205,30350.3,0.425848,1,5.68,0.68,0,0,568
247.726,293.205,0,0,293.205,30350.3,0.425847,1,5.69,0.69,0,0,569
247.727,293.205,0,0,293.205,30350.3,0.425846,1,5.7,0.7,0,0,570
247.728,293.205,0,0,293.205,30350.3,0.425845,1,5.71,0.71,0,0,571
247.728,293.205,0,0,293.205,30350.3,0.425844,1,5.72,0.72,0,0,572
247.729,293.205,0,0,293.205,30350.3,0.425842,1,5.73,0.73,0,0,573
247.73,293.205,0,0,293.205,30350.3,0.425841,1,5.74,0.74,0,0,574
247.73,293.205,0,0,293.205,30350.3,0.42584,1,5.75,0.75,0,0,575
247.731,293.205,0,0,293.205,30350.3,0.425838,1,5.76,0.76,0,0,576
247.732,293.205,0,0,293.205,30350.3,0.425837,1,5.77,0.77,0,0,577
247.733,293.205,0,0,293.205,30350.3,0.425835,1,5.78,0.78,0,0,578
247.734,293.205,0,0,293.205,30350.3,0.425834,1,5.79,0.79,0,0,579
247.735,293.205,0,0,293.205,30350.3,0.425832,1,5.8,0.8,0,0,580
247.736,293.205,0,0,293.205,30350.3,0.425831,1,5.81,0.81,0,0,581
247.737,293.205,0,0,293.205,30350.3,0.425829,1,5.82,0.82,0,0,582
247.738,293.205,0,0,293.205,30350.2,0.425828,1,5.83,0.83,0,0,583
247.739,293.205,0,0,293.205,30350.2,0.425826,1,5.84,0.84,0,0,584
247.74,293.205,0,0,293.205,30350.2,0.425824,1,5.85,0.85,0,0,585
247.741,293.205,0,0,293.205,30350.2,0.425822,1,5.86,0.86,0,0,586
247.742,293.205,0,0,293.205,30350.2,0.42582,1,5.87,0.87,0,0,587
247.743,293.205,0,0,293.205,30350.2,0.425818,1,5.88,0.88,0,0,588
247.744,293.205,0,0,293.205,30350.2,0.425816,1,5.89,0.89,0,0,589
247.745,293.205,0,0,293.205,30350.2,0.425814,1,5.9,0.9,0,0,590
247.747,293.205,0,0,293.205,30350.2,0.425812,1,5.91,0.91,0,0,591
247.748,293.205,0,0,293.205,30350.2,0.42581,1,5.92,0.92,0,0,592
247.749,293.205,0,0,293.205,30350.2,0.425807,1,5.93,0.93,0,0,593
247.751,293.205,0,0,293.205,30350.2,0.425805,1,5.94,0.94,0,0,594
247.752,293.205,0,0,293.205,30350.2,0.425802,1,5.95,0.95,0,0,595
247.754,293.205,0,0,293.205,30350.2,0.425799,1,5.96,0.96,0,0,596
247.755,293.205,0,0,293.205,30350.2,0.425797,1,5.97,0.97,0,0,597
247.757,293.205,0,0,293.205,30350.2,0.425794,1,5.98,0.98,0,0,598
247.759,293.205,0,0,293.205,30350.2,0.425791,1,5.99,0.99,0,0,599
247.76,293.205,0,0,293.205,30350.2,0.425788,1,6,1,0,0,600
247.762,293.205,0,0,293.205,30350.2,0.425785,1,6.01,1.01,0,0,601
247.764,293.205,0,0,293.205,30350.2,0.425781,1,6.02,1.02,0,0,602
247.766,293.205,0,0,293.205,30350.2,0.425778,1,6.03,1.03,0,0,603
247.768,293.205,0,0,293.205,30350.2,0.425774,1,6.04,1.04,0,0,604
247.771,293.205,0,0,293.205,30350.2,0.42577,1,6.05,1.05,0,0,605
247.773,293.205,0,0,293.205,30350.2,0.425766,1,6.06,1.06,0,0,606
247.775,293.205,0,0,293.205,30350.2,0.425762,1,6.07,1.07,0,0,607
247.778,293.205,0,0,293.205,30350.2,0.425757,1,6.08,1.08,0,0,608
247.781,293.205,0,0,293.205,30350.2,0.425753,1,6.09,1.09,0,0,609
247.784,293.205,0,0,293.205,30350.2,0.425748,1,6.1,1.1,0,0,610
247.787,293.205,0,0,293.205,30350.2,0.425743,1,6.11,1.11,0,0,611
247.79,293.205,0,0,293.205,30350.2,0.425737,1,6.12,1.12,0,0,612
247.793,293.205,0,0,293.205,30350.2,0.425731,1,6.13,1.13,0,0,613
247.797,293.205,0,0,293.205,30350.2,0.425725,1,6.14,1.14,0,0,614
247.801,293.205,0,0,293.205,30350.2,0.425718,1,6.15,1.15,0,0,615
247.805,293.205,0,0,293.205,30350.2,0.425712,1,6.16,1.16,0,0,616
247.809,293.205,0,0,293.205,30350.2,0.425704,1,6.17,1.17,0,0,617
247.814,293.205,0,0,293.205,30350.2,0.425696,1,6.18,1.18,0,0,618
247.819,293.205,0,0,293.205,30350.2,0.425687,1,6.19,1.19,0,0,619
247.824,293.205,0,0,293.205,30350.2,0.425678,1,6.2,1.2,0,0,620
247.83,293.205,0,0,293.205,30350.2,0.425669,1,6.21,1.21,0,0,621
247.836,293.205,0,0,293.205,30350.2,0.425658,1,6.22,1.22,0,0,622
247.843,293.205,0,0,293.205,30350.2,0.425646,1,6.23,1.23,0,0,623
247.85,293.205,0,0,293.205,30350.2,0.425633,1,6.24,1.24,0,0,624
247.858,293.205,0,0,293.205,30350.2,0.425619,1,6.25,1.25,0,0,625
247.867,293.205,0,0,293.205,30350.2,0.425604,1,6.26,1.26,0,0,626
247.876,293.205,0,0,293.205,30350.2,0.425588,1,6.27,1.27,0,0,627
247.887,293.205,0,0,293.205,30350.2,0.425569,1,6.28,1.28,0,0,628
247.9,293.205,0,0,293.205,30350.2,0.425548,1,6.29,1.29,0,0,629
247.913,293.205,0,0,293.205,30350.2,0.425525,1,6.3,1.3,0,0,630
247.928,293.205,0,0,293.205,30350.2,0.425498,1,6.31,1.31,0,0,631
247.946,293.205,0,0,293.205,30350.2,0.425469,1,6.32,1.32,0,0,632
247.966,293.205,0,0,293.205,30350.2,0.425434,1,6.33,1.33,0,0,633
247.99,293.205,0,0,293.205,30350.2,0.425394,1,6.34,1.34,0,0,634
248.018,293.205,0,0,293.205,30350.2,0.425346,1,6.35,1.35,0,0,635
248.051,293.205,0,0,293.205,30350.2,0.425289,1,6.36,1.36,0,0,636
248.092,293.205,0,0,293.205,30350.2,0.425218,1,6.37,1.37,0,0,637
248.145,293.205,0,0,293.205,30350.2,0.425128,1,6.38,1.38,0,0,638
248.216,293.205,0,0,293.205,30350.2,0.425007,1,6.39,1.39,0,0,639
248.33,293.205,0,0,293.205,30350.2,0.424812,1,6.4,1.4,0,0,640
248.619,293.205,0,0,293.205,30350.2,0.424316,1,6.41,1.41,0,0,641
249.608,293.205,0,0,293.205,30350.2,0.422635,1,6.42,1.42,0,0,642
252.639,293.204,0,0,293.204,30350.2,0.417563,1,6.43,1.43,0,0,643
259.975,293.203,0,0,293.203,30350.1,0.405784,1,6.44,1.44,0,0,644
274.019,293.201,0,0,293.201,30350.1,0.384988,1,6.45,1.45,0,0,645
295.742,293.199,0,0,293.199,30350.1,0.356713,1,6.46,1.46,0,0,646
323.003,293.199,0,0,293.199,30350.2,0.326607,1,6.47,1.47,0,0,647
350.397,293.201,0,0,293.201,30350.2,0.301072,1,6.48,1.48,0,0,648
372.118,293.203,0,0,293.203,30350.2,0.283496,1,6.49,1.49,0,0,649
385.708,293.204,0,0,293.204,30350.2,0.273506,1,6.5,1.5,0,0,650
392.533,293.204,0,0,293.204,30350.2,0.26875,1,6.51,1.51,0,0,651
395.351,293.205,0,0,293.205,30350.2,0.266834,1,6.52,1.52,0,0,652
396.331,293.205,0,0,293.205,30350.2,0.266175,1,6.53,1.53,0,0,653
396.622,293.205,0,0,293.205,30350.2,0.265979,1,6.54,1.54,0,0,654
396.698,293.205,0,0,293.205,30350.2,0.265929,1,6.55,1.55,0,0,655
396.716,293.205,0,0,293.205,30350.2,0.265916,1,6.56,1.56,0,0,656
396.72,293.205,0,0,293.205,30350.2,0.265914,1,6.57,1.57,0,0,657
396.721,293.205,0,0,293.205,30350.2,0.265913,1,6.58,1.58,0,0,658
396.722,293.205,0,0,293.205,30350.2,0.265912,1,6.59,1.59,0,0,659
396.723,293.205,0,0,293.205,30350.2,0.265911,1,6.6,1.6,0,0,660
396.724,293.205,0,0,293.205,30350.2,0.265911,1,6.61,1.61,0,0,661
396.725,293.205,0,0,293.205,30350.2,0.265911,1,6.62,1.62,0,0,662
396.725,293.205,0,0,293.205,30350.2,0.26591,1,6.63,1.63,0,0,663
396.726,293.205,0,0,293.205,30350.2,0.26591,1,6.64,1.64,0,0,664
396.726,293.204,0,0,293.204,30350.2,0.26591,1,6.65,1.65,0,0,665
396.726,293.204,0,0,293.204,30350.2,0.265909,1,6.66,1.66,0,0,666
396.727,293.204,0,0,293.204,30350.2,0.265909,1,6.67,1.67,0,0,667
396.727,293.204,0,0,293.204,30350.2,0.265909,1,6.68,1.68,0,0,668
396.727,293.204,0,0,293.204,30350.2,0.265909,1,6.69,1.69,0,0,669
396.727,293.204,0,0,293.204,30350.2,0.265909,1,6.7,1.7,0,0,670
396.728,293.204,0,0,293.204,30350.2,0.265908,1,6.71,1.71,0,0,671
396.728,293.204,0,0,293.204,30350.2,0.265908,1,6.72,1.72,0,0,672
396.728,293.204,0,0,293.204,30350.2,0.265908,1,6.73,1.73,0,0,673
396.728,293.204,0,0,293.204,30350.2,0.265908,1,6.74,1.74,0,0,674
396.728,293.204,0,0,293.204,30350.2,0.265908,1,6.75,1.75,0,0,675
396.729,293.204,0,0,293.204,30350.2,0.265908,1,6.76,1.76,0,0,676
396.729,293.204,0,0,293.204,30350.2,0.265908,1,6.77,1.77,0,0,677
396.729,293.204,0,0,293.204,30350.2,0.265908,1,6.78,1.78,0,0,678
396.729,293.204,0,0,293.204,30350.2,0.265907,1,6.79,1.79,0,0,679
396.729,293.204,0,0,293.204,30350.2,0.265907,1,6.8,1.8,0,0,680
396.729,293.204,0,0,293.204,30350.2,0.265907,1,6.81,1.81,0,0,681
396.729,293.204,0,0,293.204,30350.2,0.265907,1,6.82,1.82,0,0,682
396.729,293.204,0,0,293.204,30350.2,0.265907,1,6.83,1.83,0,0,683
396.729,293.204,0,0,293.204,30350.2,0.265907,1,6.84,1.84,0,0,684
396.729,293.204,0,0,293.204,30350.2,0.265907,1,6.85,1.85,0,0,685
396.729,293.204,0,0,293.204,30350.2,0.265907,1,6.86,1.86,0,0,686
396.73,293.204,0,0,293.204,30350.2,0.265907,1,6.87,1.87,0,0,687
396.73,293.204,0,0,293.204,30350.2,0.265907,1,6.88,1.88,0,0,688
396.73,293.204,0,0,293.204,30350.2,0.265907,1,6.89,1.89,0,0,689
396.73,293.204,0,0,293.204,30350.2,0.265907,1,6.9,1.9,0,0,690
396.73,293.204,0,0,293.204,30350.2,0.265907,1,6.91,1.91,0,0,691
396.73,293.204,0,0,293.204,30350.2,0.265907,1,6.92,1.92,0,0,692
396.73,293.204,0,0,293.204,30350.2,0.265907,1,6.93,1.93,0,0,693
396.73,293.204,0,0,293.204,30350.2,0.265907,1,6.94,1.94,0,0,694
396.73,293.204,0,0,293.204,30350.2,0.265907,1,6.95,1.95,0,0,695
396.73,293.204,0,0,293.204,30350.2,0.265907,1,6.96,1.96,0,0,696
396.73,293.204,0,0,293.204,30350.2,0.265907,1,6.97,1.97,0,0,697
396.73,293.204,0,0,293.204,30350.2,0.265907,1,6.98,1.98,0,0,698
396.73,293.204,0,0,293.204,30350.2,0.265907,1,6.99,1.99,0,0,699
396.73,293.204,0,0,293.204,30350.2,0.265907,1,7,2,0,0,700
396.73,293.204,0,0,293.204,30350.2,0.265907,1,7.01,2.01,0,0,701
396.73,293.204,0,0,293.204,30350.2,0.265907,1,7.02,2.02,0,0,702
396.73,293.204,0,0,293.204,30350.2,0.265907,1,7.03,2.03,0,0,703
396.73,293.204,0,0,293.204,30350.2,0.265907,1,7.04,2.04,0,0,704
396.73,293.204,0,0,293.204,30350.2,0.265907,1,7.05,2.05,0,0,705
396.73,293.204,0,0,293.204,30350.2,0.265906,1,7.06,2.06,0,0,706
396.73,293.204,0,0,293.204,30350.1,0.265906,1,7.07,2.07,0,0,707
396.73,293.204,0,0,293.204,30350.1,0.265906,1,7.08,2.08,0,0,708
396.73,293.204,0,0,293.204,30350.1,0.265906,1,7.09,2.09,0,0,709
396.73,293.204,0,0,293.204,30350.1,0.265906,1,7.1,2.1,0,0,710
396.73,293.204,0,0,293.204,30350.1,0.265906,1,7.11,2.11,0,0,711
396.73,293.204,0,0,293.204,30350.1,0.265906,1,7.12,2.12,0,0,712
396.73,293.204,0,0,293.204,30350.1,0.265906,1,7.13,2.13,0,0,713
396.73,293.204,0,0,293.204,30350.1,0.265906,1,7.14,2.14,0,0,714
396.73,293.204,0,0,293.204,30350.1,0.265906,1,7.15,2.15,0,0,715
396.73,293.204,0,0,293.204,30350.1,0.265906,1,7.16,2.16,0,0,716
396.73,293.204,0,0,293.204,30350.1,0.265906,1,7.17,2.17,0,0,717
396.73,293.204,0,0,293.204,30350.1,0.265906,1,7.18,2.18,0,0,718
396.73,293.204,0,0,293.204,30350.1,0.265906,1,7.19,2.19,0,0,719
396.73,293.204,0,0,293.204,30350.1,0.265906,1,7.2,2.2,0,0,720
396.73,293.204,0,0,293.204,30350.1,0.265906,1,7.21,2.21,0,0,721
396.73,293.204,0,0,293.204,30350.1,0.265906,1,7.22,2.22,0,0,722
396.73,293.204,0,0,293.204,30350.1,0.265906,1,7.23,2.23,0,0,723
396.73,293.204,0,0,293.204,30350.1,0.265906,1,7.24,2.24,0,0,724
396.73,293.204,0,0,293.204,30350.1,0.265906,1,7.25,2.25,0,0,725
396.73,293.204,0,0,293.204,30350.1,0.265906,1,7.26,2.26,0,0,726
396.73,293.204,0,0,293.204,30350.1,0.265906,1,7.27,2.27,0,0,727
396.73,293.204,0,0,293.204,30350.1,0.265906,1,7.28,2.28,0,0,728
396.73,293.204,0,0,293.204,30350.1,0.265906,1,7.29,2.29,0,0,729
396.73,293.204,0,0,293.204,30350.1,0.265906,1,7.3,2.3,0,0,730
396.73,293.204,0,0,293.204,30350.1,0.265906,1,7.31,2.31,0,0,731
396.73,293.204,0,0,293.204,30350.1,0.265906,1,7.32,2.32,0,0,732
396.73,293.204,0,0,293.204,30350.1,0.265906,1,7.33,2.33,0,0,733
396.73,293.204,0,0,293.204,30350.1,0.265906,1,7.34,2.34,0,0,734
396.73,293.204,0,0,293.204,30350.1,0.265906,1,7.35,2.35,0,0,735
396.73,293.204,0,0,293.204,30350.1,0.265906,1,7.36,2.36,0,0,736
396.73,293.204,0,0,293.204,30350.1,0.265906,1,7.37,2.37,0,0,737
396.73,293.204,0,0,293.204,30350.1,0.265906,1,7.38,2.38,0,0,738
396.73,293.204,0,0,293.204,30350.1,0.265906,1,7.39,2.39,0,0,739
396.73,293.204,0,0,293.204,30350.1,0.265906,1,7.4,2.4,0,0,740
396.73,293.204,0,0,293.204,30350.1,0.265906,1,7.41,2.41,0,0,741
396.73,293.204,0,0,293.204,30350.1,0.265906,1,7.42,2.42,0,0,742
396.73,293.204,0,0,293.204,30350.1,0.265906,1,7.43,2.43,0,0,743
396.73,293.204,0,0,293.204,30350.1,0.265906,1,7.44,2.44,0,0,744
396.73,293.204,0,0,293.204,30350.1,0.265906,1,7.45,2.45,0,0,745
396.73,293.204,0,0,293.204,30350.1,0.265906,1,7.46,2.46,0,0,746
396.73,293.204,0,0,293.204,30350.1,0.265906,1,7.47,2.47,0,0,747
396.73,293.204,0,0,293.204,30350.1,0.265906,1,7.48,2.48,0,0,748
396.73,293.204,0,0,293.204,30350.1,0.265906,1,7.49,2.49,0,0,749
396.73,293.204,0,0,293.204,30350.1,0.265906,1,7.5,2.5,0,0,750
396.73,293.204,0,0,293.204,30350.1,0.265906,1,7.51,2.51,0,0,751
396.73,293.203,0,0,293.203,30350.1,0.265906,1,7.52,2.52,0,0,752
396.73,293.204,0,0,293.204,30350.1,0.265906,1,7.53,2.53,0,0,753
396.73,293.203,0,0,293.203,30350.1,0.265906,1,7.54,2.54,0,0,754
396.73,293.204,0,0,293.204,30350,0.265905,1,7.55,2.55,0,0,755
396.73,293.203,0,0,293.203,30350.1,0.265906,1,7.56,2.56,0,0,756
396.73,293.203,0,0,293.203,30350.1,0.265905,1,7.57,2.57,0,0,757
396.73,293.203,0,0,293.203,30350.1,0.265906,1,7.58,2.58,0,0,758
396.73,293.203,0,0,293.203,30350,0.265905,1,7.59,2.59,0,0,759
396.73,293.203,0,0,293.203,30350.1,0.265906,1,7.6,2.6,0,0,760
396.73,293.203,0,0,293.203,30350,0.265905,1,7.61,2.61,0,0,761
396.73,293.203,0,0,293.203,30350.1,0.265905,1,7.62,2.62,0,0,762
396.73,293.203,0,0,293.203,30350,0.265905,1,7.63,2.63,0,0,763
396.73,293.203,0,0,293.203,30350,0.265905,1,7.64,2.64,0,0,764
396.73,293.203,0,0,293.203,30350,0.265905,1,7.65,2.65,0,0,765
396.73,293.203,0,0,293.203,30350,0.265905,1,7.66,2.66,0,0,766
396.73,293.203,0,0,293.203,30350.1,0.265905,1,7.67,2.67,0,0,767
396.73,293.203,0,0,293.203,30350,0.265905,1,7.68,2.68,0,0,768
396.73,293.203,0,0,293.203,30350.1,0.265906,1,7.69,2.69,0,0,769
396.73,293.204,0,0,293.204,30349.9,0.265905,1,7.7,2.7,0,0,770
396.731,293.202,0,0,293.202,30350.1,0.265906,1,7.71,2.71,0,0,771
396.73,293.205,0,0,293.205,30349.8,0.265904,1,7.72,2.72,0,0,772
396.731,293.201,0,0,293.201,30350.2,0.265906,1,7.73,2.73,0,0,773
396.729,293.204,0,0,293.204,30349.8,0.265904,1,7.74,2.74,0,0,774
396.713,293.161,0,0,293.161,30345.6,0.265879,1,7.75,2.75,0,0,775
364.374,228.702,0,0,228.702,23467.2,0.22339,1,7.76,2.76,0,0,776
278.747,0.0047109,0,0,0.0047109,10000.2,0.124698,1,7.77,2.77,0,0,777
278.746,4.16498e-09,0,0,4.16498e-09,10000,0.124697,1,7.78,2.78,0,0,778
278.746,3.63224e-12,0,0,3.63224e-12,10000,0.124697,1,7.79,2.79,0,0,779
278.746,3.84376e-12,0,0,3.84376e-12,10000,0.124697,1,7.8,2.8,0,0,780
278.746,3.676e-12,0,0,3.676e-12,10000,0.124697,1,7.81,2.81,0,0,781
278.746,3.39155e-12,0,0,3.39155e-12,10000,0.124697,1,7.82,2.82,0,0,782
278.746,3.9094e-12,0,0,3.9094e-12,10000,0.124697,1,7.83,2.83,0,0,783
278.746,2.80806e-12,0,0,2.80806e-12,10000,0.124697,1,7.84,2.84,0,0,784
278.746,1.13052e-12,0,0,1.13052e-12,10000,0.124697,1,7.85,2.85,0,0,785
278.746,1.45144e-12,0,0,1.45144e-12,10000,0.124697,1,7.86,2.86,0,0,786
278.746,2.27562e-12,0,0,2.27562e-12,10000,0.124697,1,7.87,2.87,0,0,787
278.746,3.62495e-12,0,0,3.62495e-12,10000,0.124697,1,7.88,2.88,0,0,788
278.746,3.53013e-12,0,0,3.53013e-12,10000,0.124697,1,7.89,2.89,0,0,789
278.746,3.61765e-12,0,0,3.61765e-12,10000,0.124697,1,7.9,2.9,0,0,790
278.746,1.44414e-12,0,0,1.44414e-12,10000,0.124697,1,7.91,2.91,0,0,791
278.746,1.32744e-12,0,0,1.32744e-12,10000,0.124697,1,7.92,2.92,0,0,792
278.746,3.04875e-12,0,0,3.04875e-12,10000,0.124697,1,7.93,2.93,0,0,793
278.746,5.14203e-12,0,0,5.14203e-12,10000,0.124697,1,7.94,2.94,0,0,794
278.746,5.44107e-12,0,0,5.44107e-12,10000,0.124697,1,7.95,2.95,0,0,795
278.746,5.44107e-12,0,0,5.44107e-12,10000,0.124697,1,7.96,2.96,0,0,796
278.746,4.51477e-12,0,0,4.51477e-12,10000,0.124697,1,7.97,2.97,0,0,797
278.746,3.15815e-12,0,0,3.15815e-12,10000,0.124697,1,7.98,2.98,0,0,798
278.746,2.16622e-12,0,0,2.16622e-12,10000,0.124697,1,7.99,2.99,0,0,799
278.746,4.63877e-12,0,0,4.63877e-12,10000,0.124697,1,8,3,0,0,800
278.746,6.06104e-12,0,0,6.06104e-12,10000,0.124697,1,8.01,3.01,0,0,801
278.746,5.65988e-12,0,0,5.65988e-12,10000,0.124697,1,8.02,3.02,0,0,802
278.746,5.23684e-12,0,0,5.23684e-12,10000,0.124697,1,8.03,3.03,0,0,803
278.746,3.85105e-12,0,0,3.85105e-12,10000,0.124697,1,8.04,3.04,0,0,804
278.746,4.00422e-12,0,0,4.00422e-12,10000,0.124697,1,8.05,3.05,0,0,805
278.746,5.4119e-12,0,0,5.4119e-12,10000,0.124697,1,8.06,3.06,0,0,806
278.746,5.54318e-12,0,0,5.54318e-12,10000,0.124697,1,8.07,3.07,0,0,807
278.746,5.5213e-12,0,0,5.5213e-12,10000,0.124697,1,8.08,3.08,0,0,808
278.746,4.76276e-12,0,0,4.76276e-12,10000,0.124697,1,8.09,3.09,0,0,809
278.746,3.75623e-12,0,0,3.75623e-12,10000,0.124697,1,8.1,3.1,0,0,810
278.746,3.89482e-12,0,0,3.89482e-12,10000,0.124697,1,8.11,3.11,0,0,811
278.746,3.88752e-12,0,0,3.88752e-12,10000,0.124697,1,8.12,3.12,0,0,812
278.746,5.19308e-12,0,0,5.19308e-12,10000,0.124697,1,8.13,3.13,0,0,813
278.746,5.9808e-12,0,0,5.9808e-12,10000,0.124697,1,8.14,3.14,0,0,814
278.746,5.49212e-12,0,0,5.49212e-12,10000,0.124697,1,8.15,3.15,0,0,815
278.746,5.44836e-12,0,0,5.44836e-12,10000,0.124697,1,8.16,3.16,0,0,816
278.746,5.62341e-12,0,0,5.62341e-12,10000,0.124697,1,8.17,3.17,0,0,817
278.746,5.50671e-12,0,0,5.50671e-12,10000,0.124697,1,8.18,3.18,0,0,818
278.746,5.1785e-12,0,0,5.1785e-12,10000,0.124697,1,8.19,3.19,0,0,819
278.746,3.90211e-12,0,0,3.90211e-12,10000,0.124697,1,8.2,3.2,0,0,820
278.746,3.4426e-12,0,0,3.4426e-12,10000,0.124697,1,8.21,3.21,0,0,821
278.746,3.61766e-12,0,0,3.61766e-12,10000,0.124697,1,8.22,3.22,0,0,822
278.746,3.59577e-12,0,0,3.59577e-12,10000,0.124697,1,8.23,3.23,0,0,823
278.746,5.14204e-12,0,0,5.14204e-12,10000,0.124697,1,8.24,3.24,0,0,824
278.746,5.33167e-12,0,0,5.33167e-12,10000,0.124697,1,8.25,3.25,0,0,825
278.746,5.47024e-12,0,0,5.47024e-12,10000,0.124697,1,8.26,3.26,0,0,826
278.746,5.44836e-12,0,0,5.44836e-12,10000,0.124697,1,8.27,3.27,0,0,827
278.746,6.8998e-12,0,0,6.8998e-12,10000,0.124697,1,8.28,3.28,0,0,828
278.746,7.40307e-12,0,0,7.40307e-12,10000,0.124697,1,8.29,3.29,0,0,829
278.746,7.30825e-12,0,0,7.30825e-12,10000,0.124697,1,8.3,3.3,0,0,830
278.746,6.58618e-12,0,0,6.58618e-12,10000,0.124697,1,8.31,3.31,0,0,831
278.746,7.19884e-12,0,0,7.19884e-12,10000,0.124697,1,8.32,3.32,0,0,832
278.746,7.1259e-12,0,0,7.1259e-12,10000,0.124697,1,8.33,3.33,0,0,833
278.746,7.1259e-12,0,0,7.1259e-12,10000,0.124697,1,8.34,3.34,0,0,834
278.746,6.97274e-12,0,0,6.97274e-12,10000,0.124697,1,8.35,3.35,0,0,835
278.746,7.19884e-12,0,0,7.19884e-12,10000,0.124697,1,8.36,3.36,0,0,836
278.746,5.72553e-12,0,0,5.72553e-12,10000,0.124697,1,8.37,3.37,0,0,837
278.746,5.1712e-12,0,0,5.1712e-12,10000,0.124697,1,8.38,3.38,0,0,838
278.746,5.57236e-12,0,0,5.57236e-12,10000,0.124697,1,8.39,3.39,0,0,839
278.746,6.49136e-12,0,0,6.49136e-12,10000,0.124697,1,8.4,3.4,0,0,840
278.746,7.30095e-12,0,0,7.30095e-12,10000,0.124697,1,8.41,3.41,0,0,841
278.746,7.15509e-12,0,0,7.15509e-12,10000,0.124697,1,8.42,3.42,0,0,842
278.746,5.71094e-12,0,0,5.71094e-12,10000,0.124697,1,8.43,3.43,0,0,843
278.746,5.1785e-12,0,0,5.1785e-12,10000,0.124697,1,8.44,3.44,0,0,844
278.746,6.52053e-12,0,0,6.52053e-12,10000,0.124697,1,8.45,3.45,0,0,845
278.746,7.41036e-12,0,0,7.41036e-12,10000,0.124697,1,8.46,3.46,0,0,846
278.746,7.30095e-12,0,0,7.30095e-12,10000,0.124697,1,8.47,3.47,0,0,847
278.746,7.46142e-12,0,0,7.46142e-12,10000,0.124697,1,8.48,3.48,0,0,848
278.746,8.33665e-12,0,0,8.33665e-12,10000,0.124697,1,8.49,3.49,0,0,849
278.746,9.2046e-12,0,0,9.2046e-12,10000,0.124697,1,8.5,3.5,0,0,850
278.746,9.3286e-12,0,0,9.3286e-12,10000,0.124697,1,8.51,3.51,0,0,851
278.746,9.314e-12,0,0,9.314e-12,10000,0.124697,1,8.52,3.52,0,0,852
278.746,8.13973e-12,0,0,8.13973e-12,10000,0.124697,1,8.53,3.53,0,0,853
278.746,7.29366e-12,0,0,7.29366e-12,10000,0.124697,1,8.54,3.54,0,0,854
278.746,7.09673e-12,0,0,7.09673e-12,10000,0.124697,1,8.55,3.55,0,0,855
278.746,7.41766e-12,0,0,7.41766e-12,10000,0.124697,1,8.56,3.56,0,0,856
278.746,7.7094e-12,0,0,7.7094e-12,10000,0.124697,1,8.57,3.57,0,0,857
278.746,7.60728e-12,0,0,7.60728e-12,10000,0.124697,1,8.58,3.58,0,0,858
278.746,7.49789e-12,0,0,7.49789e-12,10000,0.124697,1,8.59,3.59,0,0,859
278.746,7.23531e-12,0,0,7.23531e-12,10000,0.124697,1,8.6,3.6,0,0,860
278.746,7.35931e-12,0,0,7.35931e-12,10000,0.124697,1,8.61,3.61,0,0,861
278.746,7.60729e-12,0,0,7.60729e-12,10000,0.124697,1,8.62,3.62,0,0,862
278.746,7.56352e-12,0,0,7.56352e-12,10000,0.124697,1,8.63,3.63,0,0,863
278.746,7.74587e-12,0,0,7.74587e-12,10000,0.124697,1,8.64,3.64,0,0,864
278.746,7.86986e-12,0,0,7.86986e-12,10000,0.124697,1,8.65,3.65,0,0,865
278.746,9.314e-12,0,0,9.314e-12,10000,0.124697,1,8.66,3.66,0,0,866
278.746,9.41612e-12,0,0,9.41612e-12,10000,0.124697,1,8.67,3.67,0,0,867
278.746,7.9428e-12,0,0,7.9428e-12,10000,0.124697,1,8.68,3.68,0,0,868
278.746,7.38119e-12,0,0,7.38119e-12,10000,0.124697,1,8.69,3.69,0,0,869
278.746,5.52859e-12,0,0,5.52859e-12,10000,0.124697,1,8.7,3.7,0,0,870
278.746,5.48483e-12,0,0,5.48483e-12,10000,0.124697,1,8.71,3.71,0,0,871
278.746,5.39731e-12,0,0,5.39731e-12,10000,0.124697,1,8.72,3.72,0,0,872
278.746,6.71017e-12,0,0,6.71017e-12,10000,0.124697,1,8.73,3.73,0,0,873
278.746,7.72399e-12,0,0,7.72399e-12,10000,0.124697,1,8.74,3.74,0,0,874
278.746,7.71669e-12,0,0,7.71669e-12,10000,0.124697,1,8.75,3.75,0,0,875
278.746,7.41036e-12,0,0,7.41036e-12,10000,0.124697,1,8.76,3.76,0,0,876
278.746,8.88368e-12,0,0,8.88368e-12,10000,0.124697,1,8.77,3.77,0,0,877
278.746,9.21918e-12,0,0,9.21918e-12,10000,0.124697,1,8.78,3.78,0,0,878
278.746,8.03761e-12,0,0,8.03761e-12,10000,0.124697,1,8.79,3.79,0,0,879
278.746,7.64376e-12,0,0,7.64376e-12,10000,0.124697,1,8.8,3.8,0,0,880
278.746,7.86256e-12,0,0,7.86256e-12,10000,0.124697,1,8.81,3.81,0,0,881
278.746,7.52706e-12,0,0,7.52706e-12,10000,0.124697,1,8.82,3.82,0,0,882
278.746,7.04567e-12,0,0,7.04567e-12,10000,0.124697,1,8.83,3.83,0,0,883
278.746,7.41765e-12,0,0,7.41765e-12,10000,0.124697,1,8.84,3.84,0,0,884
278.746,7.46142e-12,0,0,7.46142e-12,10000,0.124697,1,8.85,3.85,0,0,885
278.746,7.6e-12,0,0,7.6e-12,10000,0.124697,1,8.86,3.86,0,0,886
278.746,6.88522e-12,0,0,6.88522e-12,10000,0.124697,1,8.87,3.87,0,0,887
278.746,5.69635e-12,0,0,5.69635e-12,10000,0.124697,1,8.88,3.88,0,0,888
278.746,6.41113e-12,0,0,6.41113e-12,10000,0.124697,1,8.89,3.89,0,0,889
278.746,7.51976e-12,0,0,7.51976e-12,10000,0.124697,1,8.9,3.9,0,0,890
278.746,8.99308e-12,0,0,8.99308e-12,10000,0.124697,1,8.91,3.91,0,0,891
278.746,9.10249e-12,0,0,9.10249e-12,10000,0.124697,1,8.92,3.92,0,0,892
278.746,9.68598e-12,0,0,9.68598e-12,10000,0.124697,1,8.93,3.93,0,0,893
278.746,1.05904e-11,0,0,1.05904e-11,10000,0.124697,1,8.94,3.94,0,0,894
278.746,9.59116e-12,0,0,9.59116e-12,10000,0.124697,1,8.95,3.95,0,0,895
278.746,1.01673e-11,0,0,1.01673e-11,10000,0.124697,1,8.96,3.96,0,0,896
278.746,1.07363e-11,0,0,1.07363e-11,10000,0.124697,1,8.97,3.97,0,0,897
278.746,9.17543e-12,0,0,9.17543e-12,10000,0.124697,1,8.98,3.98,0,0,898
278.746,7.77504e-12,0,0,7.77504e-12,10000,0.124697,1,8.99,3.99,0,0,899
278.746,9.15355e-12,0,0,9.15355e-12,10000,0.124697,1,9,4,0,0,900
278.746,9.86103e-12,0,0,9.86103e-12,10000,0.124697,1,9.01,4.01,0,0,901
278.746,9.44529e-12,0,0,9.44529e-12,10000,0.124697,1,9.02,4.02,0,0,902
278.746,9.26295e-12,0,0,9.26295e-12,10000,0.124697,1,9.03,4.03,0,0,903
278.746,8.87638e-12,0,0,8.87638e-12,10000,0.124697,1,9.04,4.04,0,0,904
278.746,8.90556e-12,0,0,8.90556e-12,10000,0.124697,1,9.05,4.05,0,0,905
278.746,8.64299e-12,0,0,8.64299e-12,10000,0.124697,1,9.06,4.06,0,0,906
278.746,8.66487e-12,0,0,8.66487e-12,10000,0.124697,1,9.07,4.07,0,0,907
278.746,8.8545e-12,0,0,8.8545e-12,10000,0.124697,1,9.08,4.08,0,0,908
278.746,9.43799e-12,0,0,9.43799e-12,10000,0.124697,1,9.09,4.09,0,0,909
278.746,8.519e-12,0,0,8.519e-12,10000,0.124697,1,9.1,4.1,0,0,910
278.746,8.0595e-12,0,0,8.0595e-12,10000,0.124697,1,9.11,4.11,0,0,911
278.746,6.82687e-12,0,0,6.82687e-12,10000,0.124697,1,9.12,4.12,0,0,912
278.746,6.4476e-12,0,0,6.4476e-12,10000,0.124697,1,9.13,4.13,0,0,913
278.746,7.1259e-12,0,0,7.1259e-12,10000,0.124697,1,9.14,4.14,0,0,914
278.746,8.46794e-12,0,0,8.46794e-12,10000,0.124697,1,9.15,4.15,0,0,915
278.746,8.35854e-12,0,0,8.35854e-12,10000,0.124697,1,9.16,4.16,0,0,916
278.746,8.85451e-12,0,0,8.85451e-12,10000,0.124697,1,9.17,4.17,0,0,917
278.746,8.40229e-12,0,0,8.40229e-12,10000,0.124697,1,9.18,4.18,0,0,918
278.746,7.92091e-12,0,0,7.92091e-12,10000,0.124697,1,9.19,4.19,0,0,919
278.746,6.81957e-12,0,0,6.81957e-12,10000,0.124697,1,9.2,4.2,0,0,920
278.746,7.43954e-12,0,0,7.43954e-12,10000,0.124697,1,9.21,4.21,0,0,921
278.746,8.94933e-12,0,0,8.94933e-12,10000,0.124697,1,9.22,4.22,0,0,922
278.746,8.51899e-12,0,0,8.51899e-12,10000,0.124697,1,9.23,4.23,0,0,923
278.746,7.35931e-12,0,0,7.35931e-12,10000,0.124697,1,9.24,4.24,0,0,924
278.746,6.41842e-12,0,0,6.41842e-12,10000,0.124697,1,9.25,4.25,0,0,925
278.746,5.86411e-12,0,0,5.86411e-12,10000,0.124697,1,9.26,4.26,0,0,926
278.746,7.2499e-12,0,0,7.2499e-12,10000,0.124697,1,9.27,4.27,0,0,927
278.746,7.66564e-12,0,0,7.66564e-12,10000,0.124697,1,9.28,4.28,0,0,928
278.746,7.30825e-12,0,0,7.30825e-12,10000,0.124697,1,9.29,4.29,0,0,929
278.746,5.91516e-12,0,0,5.91516e-12,10000,0.124697,1,9.3,4.3,0,0,930
278.746,5.00345e-12,0,0,5.00345e-12,10000,0.124697,1,9.31,4.31,0,0,931
278.746,4.06986e-12,0,0,4.06986e-12,10000,0.124697,1,9.32,4.32,0,0,932
278.746,3.80729e-12,0,0,3.80729e-12,10000,0.124697,1,9.33,4.33,0,0,933
278.746,4.79194e-12,0,0,4.79194e-12,10000,0.124697,1,9.34,4.34,0,0,934
278.746,5.39001e-12,0,0,5.39001e-12,10000,0.124697,1,9.35,4.35,0,0,935
278.746,5.36084e-12,0,0,5.36084e-12,10000,0.124697,1,9.36,4.36,0,0,936
278.746,6.07562e-12,0,0,6.07562e-12,10000,0.124697,1,9.37,4.37,0,0,937
278.746,5.86411e-12,0,0,5.86411e-12,10000,0.124697,1,9.38,4.38,0,0,938
278.746,5.66717e-12,0,0,5.66717e-12,10000,0.124697,1,9.39,4.39,0,0,939
278.746,5.32437e-12,0,0,5.32437e-12,10000,0.124697,1,9.4,4.4,0,0,940
278.746,5.99539e-12,0,0,5.99539e-12,10000,0.124697,1,9.41,4.41,0,0,941
278.746,6.73934e-12,0,0,6.73934e-12,10000,0.124697,1,9.42,4.42,0,0,942
278.746,7.78234e-12,0,0,7.78234e-12,10000,0.124697,1,9.43,4.43,0,0,943
278.746,8.35853e-12,0,0,8.35853e-12,10000,0.124697,1,9.44,4.44,0,0,944
278.746,5.60153e-12,0,0,5.60153e-12,10000,0.124697,1,9.45,4.45,0,0,945
278.746,4.0334e-12,0,0,4.0334e-12,10000,0.124697,1,9.46,4.46,0,0,946
278.746,3.6833e-12,0,0,3.6833e-12,10000,0.124697,1,9.47,4.47,0,0,947
278.746,4.50749e-12,0,0,4.50749e-12,10000,0.124697,1,9.48,4.48,0,0,948
278.746,4.96699e-12,0,0,4.96699e-12,10000,0.124697,1,9.49,4.49,0,0,949
278.746,6.18502e-12,0,0,6.18502e-12,10000,0.124697,1,9.5,4.5,0,0,950
278.746,7.43954e-12,0,0,7.43954e-12,10000,0.124697,1,9.51,4.51,0,0,951
278.746,7.26449e-12,0,0,7.26449e-12,10000,0.124697,1,9.52,4.52,0,0,952
278.746,6.39654e-12,0,0,6.39654e-12,10000,0.124697,1,9.53,4.53,0,0,953
278.746,5.13474e-12,0,0,5.13474e-12,10000,0.124697,1,9.54,4.54,0,0,954
278.746,4.33973e-12,0,0,4.33973e-12,10000,0.124697,1,9.55,4.55,0,0,955
278.746,4.84299e-12,0,0,4.84299e-12,10000,0.124697,1,9.56,4.56,0,0,956
278.746,4.74817e-12,0,0,4.74817e-12,10000,0.124697,1,9.57,4.57,0,0,957
278.746,4.97428e-12,0,0,4.97428e-12,10000,0.124697,1,9.58,4.58,0,0,958
278.746,4.54395e-12,0,0,4.54395e-12,10000,0.124697,1,9.59,4.59,0,0,959
278.746,3.09251e-12,0,0,3.09251e-12,10000,0.124697,1,9.6,4.6,0,0,960
278.746,2.72783e-12,0,0,2.72783e-12,10000,0.124697,1,9.61,4.61,0,0,961
278.746,3.16545e-12,0,0,3.16545e-12,10000,0.124697,1,9.62,4.62,0,0,962
278.746,3.60306e-12,0,0,3.60306e-12,10000,0.124697,1,9.63,4.63,0,0,963
278.746,4.00422e-12,0,0,4.00422e-12,10000,0.124697,1,9.64,4.64,0,0,964
278.746,3.74165e-12,0,0,3.74165e-12,10000,0.124697,1,9.65,4.65,0,0,965
278.746,3.33321e-12,0,0,3.33321e-12,10000,0.124697,1,9.66,4.66,0,0,966
278.746,2.6476e-12,0,0,2.6476e-12,10000,0.124697,1,9.67,4.67,0,0,967
278.746,9.11706e-13,0,0,9.11706e-13,10000,0.124697,1,9.68,4.68,0,0,968
278.746,8.75239e-13,0,0,8.75239e-13,10000,0.124697,1,9.69,4.69,0,0,969
278.746,1.91823e-12,0,0,1.91823e-12,10000,0.124697,1,9.7,4.7,0,0,970
278.746,2.03493e-12,0,0,2.03493e-12,10000,0.124697,1,9.71,4.71,0,0,971
278.746,2.01305e-12,0,0,2.01305e-12,10000,0.124697,1,9.72,4.72,0,0,972
278.746,2.42149e-12,0,0,2.42149e-12,10000,0.124697,1,9.73,4.73,0,0,973
278.746,1.43685e-12,0,0,1.43685e-12,10000,0.124697,1,9.74,4.74,0,0,974
278.746,1.838e-12,0,0,1.838e-12,10000,0.124697,1,9.75,4.75,0,0,975
278.746,1.7213e-12,0,0,1.7213e-12,10000,0.124697,1,9.76,4.76,0,0,976
278.746,1.45144e-12,0,0,1.45144e-12,10000,0.124697,1,9.77,4.77,0,0,977
278.746,1.73589e-12,0,0,1.73589e-12,10000,0.124697,1,9.78,4.78,0,0,978
278.746,2.67678e-12,0,0,2.67678e-12,10000,0.124697,1,9.79,4.79,0,0,979
278.746,3.66871e-12,0,0,3.66871e-12,10000,0.124697,1,9.8,4.8,0,0,980
278.746,3.09981e-12,0,0,3.09981e-12,10000,0.124697,1,9.81,4.81,0,0,981
278.746,1.7213e-12,0,0,1.7213e-12,10000,0.124697,1,9.82,4.82,0,0,982
278.746,1.96928e-12,0,0,1.96928e-12,10000,0.124697,1,9.83,4.83,0,0,983
278.746,1.45874e-12,0,0,1.45874e-12,10000,0.124697,1,9.84,4.84,0,0,984
278.746,6.34549e-13,0,0,6.34549e-13,10000,0.124697,1,9.85,4.85,0,0,985
278.746,6.12667e-13,0,0,6.12667e-13,10000,0.124697,1,9.86,4.86,0,0,986
278.746,7.22072e-13,0,0,7.22072e-13,10000,0.124697,1,9.87,4.87,0,0,987
278.746,1.17427e-12,0,0,1.17427e-12,10000,0.124697,1,9.88,4.88,0,0,988
278.746,1.29098e-12,0,0,1.29098e-12,10000,0.124697,1,9.89,4.89,0,0,989
278.746,1.30557e-12,0,0,1.30557e-12,10000,0.124697,1,9.9,4.9,0,0,990
278.746,1.88905e-12,0,0,1.88905e-12,10000,0.124697,1,9.91,4.91,0,0,991
278.746,2.48714e-12,0,0,2.48714e-12,10000,0.124697,1,9.92,4.92,0,0,992
278.746,1.70672e-12,0,0,1.70672e-12,10000,0.124697,1,9.93,4.93,0,0,993
278.746,2.84453e-13,0,0,2.84453e-13,10000,0.124697,1,9.94,4.94,0,0,994
278.746,-6.63723e-13,0,0,6.63723e-13,10000,0.124697,1,9.95,4.95,0,0,995
278.746,-3.50095e-13,0,0,3.50095e-13,10000,0.124697,1,9.96,4.96,0,0,996
278.746,2.47984e-13,0,0,2.47984e-13,10000,0.124697,1,9.97,4.97,0,0,997
278.746,1.29098e-12,0,0,1.29098e-12,10000,0.124697,1,9.98,4.98,0,0,998
278.746,2.91017e-12,0,0,2.91017e-12,10000,0.124697,1,9.99,4.99,0,0,999
278.746,1.47332e-12,0,0,1.47332e-12,10000,0.124697,1,10,5,0,0,1000
